名称,价格,地区,付款人数
冈本超薄避孕套避育001隐形裸入安全套男用003正品官方旗舰店0.01,40.9,浙江,40000
杜蕾斯避孕套持久装紧型装小号紧绷49mm男用延时安全套官方旗舰店,30.0,浙江,300
冈本礼盒装避孕套超薄贴合情趣正品裸入安全套套20片*1套,65.9,上海,7000
冈本003白金超薄避孕套男用旗舰店情趣裸入0.03安全套套10片*1盒,129.0,上海,3000
【黄金持久】杰士邦避孕套持久装防早泄男用延时安全套官网旗舰店,79.9,江苏,7000
名流超薄避孕套男士专用玻尿酸安全套裸入001女用byt正品旗舰店tt,39.9,上海,30000
名流避孕套超薄隐形正品旗舰店安全套套男用持久装防早泄神器tt女,33.8,山西,100000
【零感超薄】杰士邦避孕套正品旗舰店安全套男用持久001裸入官方t,79.9,江苏,100000
杜蕾斯 避孕套超薄001官方正品旗舰店安全套男用持久装防早泄官网,59.0,山西,10000
冈本001避孕套超薄裸入官方正品旗舰店安全套男女士专用情趣套套,109.0,安徽,10000
【焕金超薄】杜蕾斯避孕套男用安全套套女螺纹情趣官方旗舰店正品,79.9,上海,100000
【杜杜最薄AiR】杜蕾斯AiR空气套超薄避孕套男用正品安全套旗舰店,109.9,上海,30000
日本sagami幸福相模001超薄避孕套男持久安全套0.01正品旗舰5只*3,266.0,浙江,700
【001囤货】冈本避孕套超薄裸入套套官方旗舰店男女性专用安全套,569.0,安徽,400
杜蕾斯避孕套激爽四合一32只*1盒超薄润滑贴合情趣成人用品安全套,75.9,上海,10000
杰士邦避孕安全套黄金持久装男女士用延时迟防早泄官方正品旗舰店,58.0,浙江,20000
名流MO玻尿酸避孕套男用超薄隐形001裸入安全套女用旗舰店正品byt,59.9,上海,20000
杜蕾斯避孕套超薄尊享三合一18只*1盒金装隐形润滑情趣成人安全套,66.0,上海,6000
杰士邦安全避孕套女延时持久装防早泄超薄男用情趣黄金正品旗舰店,59.0,广东,50000
名流避孕套超薄裸入持久装防早泄安全套玻尿酸女士专用正品旗舰店,38.0,广东,30000
杰士邦避孕安全套玻尿酸003零感超薄型男女士专用官方旗舰店正品t,49.0,浙江,6000
杰士邦避孕套持久装防早泄男女用情趣狼牙棒安全套正品旗舰店带刺,30.9,广东,20000
杜蕾斯避孕套超薄正品安全套男专用官方旗舰店女持久装裸入官网tt,49.9,上海,10000
超鸟thickpro避孕套男用安全套套加厚官方旗舰店正品5倍厚凸点款,129.5,广东,7000
第六感玻尿酸避孕安全套男女士专用调情超薄裸入官方正品旗舰店套,30.9,江苏,100
杰士邦避孕安全套持久装防早泄男狼牙女士专用情趣官方正品旗舰店,58.0,广东,9000
杜蕾斯避孕套超薄男用旗舰店官方正品女持久装安全套专用避育官网,39.9,上海,60000
名流延时避孕安全套男用持久装防早泄情趣锁精环神器旗舰店正品射,30.0,广东,10000
女用液体安全套避孕套膜贴女性专用口娇套成人环凝胶情趣用品神器,98.0,山东,5000
大象正品安全避孕套超薄001持久装防早泄男用旗舰店裸入官方女士t,48.0,广东,20000
杰士邦避孕套男用持久装防早泄安全套超薄裸入延时计生正品旗舰店,59.0,上海,10000
赤尾旗舰店官方铂金玻尿酸避孕套超薄001安全套男女情趣用品套套,99.0,广东,5000
大象避孕套女士专用男调情趣持久装防早泄超薄神器旗舰店安全正品,30.0,广东,10000
延时避孕套持久装安全套正品旗舰店专用男用女超薄裸入非防早泄mj,31.9,上海,10000
第六感安全避孕套女超薄延时持久装防早泄男用情趣正品旗舰店狼牙,39.9,广东,10000
名流之夜水多多玻尿酸避孕套超薄裸入001旗舰店正品安全套套子男,35.0,上海,8000
杰士邦避孕安全套超薄裸入玻尿酸女士专用持久装防早泄正品旗舰店,49.0,广东,30000
第六感旗舰店避孕套男用超薄裸入安全套官方正品狼牙持久装防早泄,39.9,江苏,30000
杰士邦避孕套零感超薄裸入男用安全套女士调情专用神器旗舰店正品,59.0,上海,7000
名流之夜玻尿酸避孕套超薄裸入001安全套套子男100只装正品旗舰店,50.0,上海,6000
延时男用品情趣非避孕套持久装脱敏训练早泄男性防早泄男不射延迟,168.0,广东,3000
【高潮玻尿酸】大象避孕套男用超薄003安全套套颗粒女生小粉盒byt,89.9,浙江,6000
倍力乐医用手指套les拉拉T女女情趣避孕套qq套女性专用品扣扣男用,39.9,上海,7000
第六感避孕套超薄男用旗舰店官方正品持久装防早泄安全套专用官网,29.9,上海,5000
裸感超薄0.01避孕套玻尿酸男用持久装女性安全套情趣神器正品旗舰,99.0,广东,1000
杰士邦避孕套情趣润滑超薄五合一32只g点大颗粒螺纹安全套男用官,69.9,上海,5000
日本sagami幸福相模001超薄避孕套安全套正品代购官方旗舰0.01,86.0,浙江,1000
名流之夜水多多玻尿酸避孕套大盒100只装超薄正品润滑安全套男ls,35.0,上海,5000
名流之夜水多多玻尿酸避孕套大盒100只装超薄正品润滑安全套男ls,35.0,上海,5000
玻尿酸001避孕套超薄裸入神器0.01安全套男女用官方旗舰店正品byt,128.0,湖南,1000
杰士邦避孕套持久装防早泄狼牙带刺大颗粒男女专用正品旗舰安全XL,30.0,湖北,9000
印度神油避孕套延时持久装安全套男用超薄专用女调情加长非防早泄,39.0,上海,5000
第六感避孕套冰火两重天狼牙男用持久装防早泄官方正品旗舰店安全,30.0,江苏,6000
持久装避孕套防早泄延时套超薄001男用避y49mm紧绷安全套套45小号,39.0,广东,3000
【经典持久】杜蕾斯持久延时避孕套男用安全套套螺纹官方旗舰正品,99.0,上海,20000
【紧型持久】杜蕾斯紧致型持久装避孕套小号苯左卡因安全套情趣款,109.0,上海,3000
sagami相模001避孕套超薄0.01安全套正品5只装*2盒男用成人情趣,138.0,浙江,2000
okamoto冈本001避孕套超薄0.01安全套3只装*6盒润滑男用套套正品,279.0,浙江,2000
【超凡持久】杰士邦避孕套持久装防早泄延迟男用安全套官网旗舰店,129.9,江苏,3000
杰士邦避孕套持久装防早泄超薄安全套延时男用白金官方旗舰店正品,129.9,江苏,10000
冈本超薄避孕套避育001隐形裸入安全套男用003正品官方旗舰店bytt,58.0,浙江,5000
冈本超薄裸入润滑男女士用001持久避孕安全套0.01官方正品旗舰店,118.0,浙江,2000
名流MO玻尿酸避孕套超薄001男用持久装防早泄正品旗舰店安全套byt,39.0,山西,30000
避孕套超薄男用冈本官方正品旗舰店安全套避育套套女专用001裸入,59.9,安徽,60000
避孕套冈本003超薄正品旗舰店安全套套中号男女延0.01时持情趣久,109.0,安徽,5000
名流延时避孕套超薄男用持久装防早泄延迟神器旗舰店正品安全套tt,30.0,山西,10000
杜蕾斯避孕套延时持久装防早泄安全套正品官方旗舰店男射延迟神器,59.0,广东,10000
冈本超薄避孕套男女士001正品裸入安全套003官方旗舰店神器专用润,45.9,上海,10000
第六感001避孕套官方正品旗舰店安全套超薄裸入隐形男士专用神器t,35.9,广东,10000
杰士邦超凡避孕套持久装防早泄黄金延时套套男士专用情趣安全套tt,69.0,上海,8000
大象避孕套女士专用调情男情趣持久装防早泄正品旗舰店安全套神器,30.0,广东,7000
杰士邦延时男用品持久装防早泄射延迟成人脱敏训练性避孕套加情趣,149.0,上海,1000
正品初感001超薄避孕套官网官方旗舰店非玻尿酸润滑0.01m男安全套,78.0,广东,1000
杰士邦安全避孕套女延时持久装防早泄超薄男用情趣黄金正品旗舰店,59.0,上海,4000
第六感超薄避孕套男用情趣小号狼牙避育润神器安全套正品旗舰店tt,30.0,广东,7000
手指套前戏避孕套性用品扣扣套激情情趣用品用具男女性专用调情FS,15.9,广东,10000
避孕套男用持久装防早泄狼牙颗粒延时套安全套套女调情趣专用加长,38.0,广东,2000
超薄0.01玻尿酸避孕套男用持久装防早泄官方旗舰店正品安全套TTG,35.0,上海,6000
杰士邦颗粒延时避孕套持久装防早泄男用安全套套正品官方旗舰店女,58.0,广东,3000
冈本001避孕套超薄裸入003安全套正品旗舰店持久装防早泄官方男tt,39.9,广东,2000
第六感安全避孕套超薄裸入男女士专用情趣调情神器官方正品旗舰店,30.0,江苏,7000
舒仕小黑裙玻尿酸避孕套0.01超薄正品免洗安全套子100只水溶性ls,80.0,上海,2000
超薄0.01玻尿酸避孕套男女用延时持久装旗舰店安全套非防早泄TTG,108.0,上海,1000
杰士邦狼牙安全避孕套超薄男用黄金延时持久装防早泄正品旗舰店ts,59.0,上海,3000
华润旗下高邦避孕套男003安全套颗粒玻尿酸物理延时套利群旗舰店,59.9,浙江,10000
延时避孕套持久装安全套男用正品加厚超厚狼牙棒旗舰店非防早泄mj,39.0,上海,4000
零感超薄裸入避孕安全套001神器男女士专用官方正品旗舰店,35.9,江苏,5000
威尔乐双珠避孕套情趣加粗加长男女士专用调情神器入珠高潮安全套,39.0,江苏,5000
尚牌女王归来玻尿酸避孕套超薄裸入001正品100只装安全套子旗舰店,200.0,上海,700
冈本TOUCH情趣组合超薄避孕套旗舰店安全套套19片*1套随机发货,59.9,上海,4000
零感超薄001避孕套男用安全套byt持久装防早泄官方旗舰店正品tt女,4.9,浙江,30000
D\u0026B玻尿酸避孕套超薄裸入男用持久装无硅油官方旗舰店正品安全套,69.9,广东,1000
超鸟thickpro避孕套男用安全套套加厚官方正品旗舰店3倍厚凸点款,99.5,广东,1000
名流避孕套正品旗舰店男用螺纹大颗粒狼牙安全套持久装防早泄情趣,30.9,上海,3000
赤尾官网旗舰店玻尿酸避孕套超薄001安全套男女情趣用品套套,59.0,广东,3000
冈本003超薄避孕套超润滑0.03男女用情趣裸入安全套套10片*1盒,139.0,上海,600
【超薄003】大象避孕套男用安全套高潮情趣套套官方旗舰,79.9,北京,3000
倍力乐加厚避孕套物理延时安全套白金持久装防早泄正品官方旗舰店,32.9,上海,92
冈本超薄0.01避孕套男女用旗舰店情趣裸入001安全套套5片*1盒,169.0,上海,600
杰士邦避孕套黄金持久装防早泄男超凡延时超薄安全套正品旗舰店XL,39.9,湖北,3000
杰士邦避孕套零感超薄裸入zero润滑情趣计生男女正品旗舰安全套套,79.9,上海,1000
杜蕾斯避孕套AiR空气快感三合一16只*1盒空气套超薄润滑情趣成人,109.0,上海,1000
口交套避孕套女性专用口娇安全套男爽口调情趣用品口爱舔阴膜神器,30.0,广东,4000
杜蕾斯避孕套男用狼牙套带刺凸点螺纹安全套g点大颗粒旗舰店官方t,34.9,广东,700
名流001避孕套超薄隐形男女用安全套裸入0.01正品旗舰店安全byt,69.0,上海,1000
避孕套杜蕾斯超薄裸入001正品旗舰店官网持久男用神器情趣安全套t,109.0,浙江,1000
名流HA玻尿酸避孕套超薄0.01水润免洗安全套子裸入001正品旗舰店,200.0,上海,500
【紧致贴合】杜蕾斯官方旗舰店紧型装避孕套紧绷型安全套小号男用,44.9,上海,2000
杜蕾斯Air空气避孕套超薄001男用女安全套裸入正品官方旗舰店byt,96.0,浙江,3000
sagami相模001避孕套超薄0.01安全套5只装*6盒幸福成人情趣,439.0,浙江,1000
【情趣持久】杜蕾斯持久避孕套凸点螺纹情趣大颗粒安全套套男延时,109.0,上海,5000
【零感001】杰士邦旗舰店避孕套超薄裸入0.01安全套男用官方正品t,119.9,江苏,7000
【超薄玻尿酸】杰士邦女用零感避孕套安全套官方正品旗舰店男用,79.9,江苏,6000
第六感避孕安全套延时迟男用持久装女士防早泄神器情趣正品旗舰店,35.9,浙江,10000
第六感超薄避孕套持久装神器情趣男女士专用官方正品旗舰店安全套,30.0,浙江,100000
【性价比之选】避孕套冈本旗舰店超薄量贩53片装男专用安全套零感,209.0,安徽,3000
杜蕾斯超薄避孕套量贩100只家庭装官方正品byt经典激爽情趣安全套,109.9,山西,1000
【003系列】避孕套冈本003超薄正品旗舰店安全套套男女成人用品,689.0,安徽,100
避孕套持久装防早泄狼牙棒安全套带刺g点大颗粒女士专用调情神器t,69.0,广东,4000
名流001避孕套超薄裸入隐形男士专用情趣安全套官方正品旗舰店byt,39.9,山西,2000
第六感避孕套持久装防早泄射安全套大颗粒狼牙男用超薄正品旗舰店,30.0,上海,10000
避孕套正品旗舰店安全男用持久装防早泄神器带刺g点大颗粒狼牙棒t,30.0,广东,7000
杰士邦零感超薄裸入避孕套男用003玻尿酸001旗舰店正品官方安全套,35.9,上海,10000
冈本003粉金超薄避孕套男女用润滑情趣裸入0.03安全套10片*1盒,149.0,上海,500
杜蕾斯避孕套经典四合一24只*1盒超薄润滑贴合情趣成人用品安全套,56.9,上海,3000
名流MO玻尿酸避孕套超薄润滑安全套男情趣型女性专用套子正品,59.0,上海,1000
杰士邦黄金持久防早避孕套超薄零感超薄安全套正品延时套14只,89.9,上海,800
日本冈本超薄避孕套安全套002情趣型成人计生性用品12只*3盒,249.0,浙江,100
情趣避孕套男用狼牙棒超薄玻尿酸安全套延时持久装防早泄女士专用,99.0,上海,800
冈本SKIN超薄避孕套情趣女用旗舰店安全套套量贩超值装31片*1套,89.0,上海,600
冈本001避孕套男超薄裸入神器持久装防早泄官方旗舰店正品安全套t,35.9,广东,1000
名流玻尿酸避孕套男女用100只超薄水多多安全套大油量正品旗舰店,69.0,上海,1000
避孕套男用持久装防早泄延时狼牙颗粒安全锁精环女调情趣专用加长,39.0,广东,2000
赤尾铂金无储精囊玻尿酸避孕套001安全套超薄裸入正品旗舰店官方,69.9,广东,1000
冈本003避孕套12只白金超薄持久安全套保险套阿里健康官方旗舰店,76.0,浙江,500
杰士邦玻尿酸安全避孕套女士专用超薄持久装防早泄官方旗舰店正品,49.0,广东,1000
持久装延时避孕套男用安全套女调情加长专用防超薄裸入神器mj,31.9,上海,2000
名流避孕套超薄男用延时持久装正品旗舰店情趣女性口娇专用安全套,36.9,上海,2000
日本okamoto冈本0.01超薄避孕套001安全套3只装男用情趣用品套套,49.0,浙江,500
名流安全避孕套超薄神器狼牙女g点大颗粒情趣女持久装正品旗舰店,24.9,浙江,8000
正品初感001超薄避孕套官网旗舰店官方非玻尿酸润滑男0.01m安全套,78.0,广东,1000
名流之夜玻尿酸避孕套超薄0.01男用100只装正品润滑免洗安全套子,50.0,上海,1000
杰士邦避孕套狼牙棒男正品旗舰店安全持久装防早泄带刺g点大颗粒t,30.0,广东,1000
裸感超薄安全避孕套延时持久装防早泄男女性专用官方正品旗舰店XC,99.0,上海,1000
名流之夜玻尿酸水多多避孕套100只装超薄水润001男用安全套子批发,32.0,上海,2000
玻尿酸避孕套男用超薄型001安全套0.01官方旗舰店小号套正品MC,69.9,天津,2000
大象避孕套玻尿酸高潮超薄001持久情趣男用官方正品旗舰店安全套,39.9,江苏,2000
名流HA玻尿酸避孕套001超薄0.01水溶性免洗正品旗舰店安全套子ls,208.0,上海,800
第六感安全避孕套女延时持久装防早泄超薄男用情趣官方正品旗舰店,49.9,江苏,2000
冈本001避孕套超薄超润滑0.01安全套子女男用日本进口极0.001直营,329.0,上海,100
第六感避孕套男用超薄裸入安全套持久女士专用官方正品旗舰店XL,19.9,湖北,3000
日本进口sagami幸福相模001超薄避孕安全套男持久正品代购旗舰店,82.5,浙江,600
杰士邦避孕套持久装防早泄超薄男用正品旗舰店安全狼牙带刺大颗粒,33.9,广东,2000
狼牙棒避孕安全套男用持久装震动男士女士专用调情趣用品加长成人,59.9,上海,1000
名流安全避孕套男用冰火两重天持久装防早泄g点大颗粒正品旗舰店,30.0,广东,2000
日本相模幸福001超薄安全套非乳胶sagami002冈本0.01mm极薄避孕套,46.8,山东,1000
大象正品避孕套超薄001隐形持久装防早泄安全套旗舰店裸入tt官方,49.9,广东,1000
延时套避孕套持久装男用防早泄情趣抽插安全套超薄0.01学生全自动,8.8,浙江,3000
液体女避孕套官方旗舰店安全套男凝胶神器无套裸入女性专用震动,68.0,浙江,1000
杰士邦避孕安全套持久装防早泄狼牙棒情趣带刺g点大颗粒女士专用t,58.0,广东,1000
okamoto冈本001避孕套200%润滑超薄0.01安全套3只装*4盒进口套套,195.0,浙江,6000
杜蕾斯避孕套超薄裸入安全套女男士专用调情正品官方旗舰店官网tt,54.9,浙江,8000
【超薄持久】杜蕾斯超薄持久避孕套男用延时装安全套女旗舰店正品,109.0,上海,10000
【杜杜最薄001】杜蕾斯001超薄避孕套正品官方旗舰店安全套套男用,129.9,上海,10000
杰士邦零感超薄裸入001避孕安全套神器持久装男女官方旗舰店正品t,49.9,浙江,70000
杰士邦001润滑避孕安全套超薄裸入情趣持久零感官方网正品旗舰店,79.0,浙江,8000
杰士邦避孕套超薄裸入正品旗舰店安全套男士专用持久装防早泄官方,54.9,江苏,30000
杰士邦避孕套超薄003玻尿酸官方正品旗舰店安全套女用男士裸入专1,109.9,江苏,8000
【白金003】冈本官方旗舰店003超薄避孕套男用情趣润滑女安全套套,85.0,安徽,2000
冈本官方正品旗舰店颗粒螺纹避孕套持久防早泄男女用情趣安全套套,79.9,安徽,5000
名流口交套水果味爽口避孕套超薄男女性专用口娇安全套手指情趣膜,32.9,山西,900
杜蕾斯避孕套持久装防早泄男用官方正品旗舰店安全套超薄裸入官网,32.9,上海,10000
名流避孕套超薄裸入安全套子男用001byt避育润神器官方旗舰店正品,33.8,上海,5000
大象001避孕套男士专用安全套超薄裸入官方正品旗舰店隐形神器byt,39.8,广东,4000
名流紧型避孕套小号超薄贴合45mm男用持久g点大颗粒情趣正品安全t,30.9,山西,2000
杰士邦001避孕套零感超薄裸入安全套男女士专用正品旗舰店官方byt,59.9,广东,2000
【会员量贩囤货】冈本001超薄超润滑避孕套安全套0.01情趣20片,589.0,上海,100
日本原装进口相模Sagami 002轻薄避孕套安全套爱爱20个日本代购,188.0,浙江,100
赤尾避孕套铂金至薄14只组合装超薄安全套男女用计生用品套套,119.0,上海,300
名流小号避孕套男用超薄裸入玻尿酸安全套套学生49mm紧绷型贴合tt,49.9,上海,1000
名流避孕套超薄玻尿酸油量大100只原装正品批发男女用安全套子byt,158.9,上海,200
【加量不加价】冈本003全家福超薄避孕套裸入安全套（8+2）只*1盒,129.0,上海,700
【杜杜最薄001】杜蕾斯避孕套001聚氨酯6只*1盒超薄安全套正品,129.9,上海,600
冈本003黄金超薄避孕套贴合男女用情趣裸入0.03安全套10片*1盒,160.8,上海,200
名流玻尿酸避孕套超薄0.01男用安全套正品旗舰店神器避y小号润001,36.9,江苏,2000
菲罗尼亚Feronia避孕套超薄001超润滑裸入正品旗舰店安全套套男用,199.0,上海,700
杰士邦小号避孕套黄金持久装防早泄男用49mm超紧绷型安全套旗舰45,36.9,广东,1000
名流之夜避孕套水多多玻尿酸男用安全套子超薄润滑正品旗舰店批发,100.0,陕西,900
狼牙棒大颗粒带刺安全避孕套防早泄加长男用品调情趣变态帽女专用,39.9,广东,1000
大象避孕套byt高潮玻尿酸b孕安全套感专用男女用情趣口娇超薄0.01,35.9,江苏,1000
美国VCF液体安全套女用避孕套女士专用避孕凝胶膜神器情趣口娇套,218.0,美国,300
杰士邦玻尿酸润滑剂液油夫妻用品女士专用水溶性避孕安全套旗舰店,119.0,上海,600
大象避孕套女士专用调情趣男正品超薄隐形官方旗舰店安全套tt裸入,39.0,广东,1000
0.01避孕套超薄裸入女玻尿酸男士专用001y官方旗舰店正品安全套套,69.0,湖南,900
001超薄避孕套官方正品旗舰店安全套裸入隐形舒乐美男士专用情趣t,4.9,浙江,8000
杜蕾斯3只避孕套三只装大胆爱超薄安全套100只装酒店宾馆批发,35.0,北京,12
第六感避孕安全套黄金持久装男女士用延时迟防早泄官方正品旗舰店,59.9,江苏,1000
003超薄避孕套胶囊男用持久延时安全套进口避育成人情趣计生用品,89.0,上海,200
没完没了延时避孕套超薄延迟狼牙棒安全套男用持久装正品旗舰店tt,30.0,安徽,800
威尔乐双入珠避孕套情趣加粗加长厚男女士专用调情神器狼牙安全套,39.0,江苏,1000
杰士邦玻尿酸女士人体水性润滑剂液水溶性油避孕套夫妻用品调情RM,119.0,上海,600
入珠避孕套狼牙棒套男士女专用安全套情趣持久装柔珠加厚非防早泄,59.0,上海,1000
名流之夜100只装超薄0.01避孕套男油量大安全套子玻尿酸正品批发,39.0,浙江,1000
杰士邦避孕套零感超薄裸入001持久装防早泄安全套正品旗舰店男用,49.9,广东,1000
日本原装进口Okamoto冈本003超润滑安全套水溶性润滑剂10只,93.0,浙江,100
涩井避孕套001超薄聚氨酯安全套计生夫妻成人用品至薄款7只装幸福,128.0,上海,96
倍力乐手指套les扣扣激情趣加长男性女士专用调情口娇安全避孕套,30.9,江苏,3000
名流Ido玻尿酸避孕套100只装超薄0.01无硅油安全套子透明质酸套套,150.0,广东,500
日本sagami相模原创001避孕套超薄0.01mm安全套5只装男用情趣成人,69.0,浙江,200
第六感旗舰店避孕安全套延时迟男用持久装防早泄女士神器官方正品,49.0,江苏,2000
薄爱舒仕小黑裙玻尿酸避孕套水溶性套子超薄100只安全套成人用品,80.0,安徽,600
女用液体避孕套膜栓环帽避轻松外用凝胶女士专用口娇旗舰店安全套,68.0,北京,1000
超鸟thickpro避孕套男用加厚安全套套官方正品旗舰店7倍厚凸点款,179.5,广东,500
杜蕾斯避孕套超薄裸入001安全套男士专用0.01正品官方旗舰店官网,59.9,浙江,7000
FAMA玻尿酸避孕套超薄大油量正品旗舰店安全套100只男用持久装byt,398.0,浙江,6000
【螺纹情趣】杜蕾斯避孕套男用螺纹情趣大颗粒果味安全套旗舰正品,69.0,上海,10000
【经典四合一】杜蕾斯经典装避孕套男用安全套量贩组合装官方正品,59.9,上海,20000
杰士邦避孕安全套玻尿酸零感超薄裸入0.03男计生成人正品elm,23.0,浙江,100
第六感狼牙安全套持久装防早泄男用情趣官方正品旗舰店螺纹大颗粒,33.0,浙江,10000
【SKYN极肤】杰士邦避孕套男女专用超薄裸入安全套官方旗舰店正品,89.9,江苏,2000
【超凡持久颗粒】杰士邦避孕套男用防早泄安全套套官方正品旗舰店,89.9,江苏,2000
冈本东京003避孕套女性超薄润滑官方旗舰店正品情趣安全套套001tt,159.9,安徽,1000
【003玻尿酸】冈本旗舰店正品超薄避孕套男持久情趣女安全套裸入,372.9,安徽,500
冈本避孕套001神器超薄正品旗舰店安全套0.01男女士byt官方专用tt,63.9,上海,2000
赤尾超薄避孕套男女安全套玻尿酸情趣无储专用tt正品官方旗舰店士,39.0,上海,3000
名流避孕套螺纹大颗粒 安全套带刺狼牙男g点高潮情趣异形超薄性兽,48.9,山西,200
名流001避孕套超薄0.01安全套裸入隐形正品旗舰店女士专用玻尿酸t,39.9,山西,300
杰士邦零感玻尿酸避孕套超薄裸入隐形官方正品旗舰店安全女士专用,49.0,广东,2000
延时延迟避孕套持久装防早泄男射狼牙G点大颗粒正品旗舰店安全套,30.0,广东,3000
名流之夜水多多玻尿酸避孕套男用超薄裸入安全套100只油量大正品,119.0,上海,600
名流玻尿酸避孕套带刺大颗粒狼牙棒安全套男士专用官方旗舰正品tt,49.9,上海,2000
名流MO玻尿酸避孕套安全套9只*1盒情趣超薄润滑003男用女用成人,79.0,上海,4000
大象避孕套超薄001聚氨酯0.01安全套12只成人裸感0.01mm裸感水润,149.0,上海,300
杜蕾斯避孕套魔法情趣装18只*1盒凸点螺纹凉感热感果味成人安全套,69.0,上海,1000
冈本SKIN超薄情趣裸入避孕套男女用旅行装安全套14片*1套随机发货,43.0,上海,2000
避孕套超薄001超水润滑款24只安全套非乳胶情趣男用裸入官方正品,399.0,上海,100
名流45mm超小号避孕套超紧特小号20mm紧绷男用正品旗舰店安全套40,30.9,江苏,3000
冈本001避孕套安全套3只超薄成人情趣用品延时阿里健康官方旗舰店,65.0,浙江,200
日本OKAMOTO冈本003超薄安全避孕套L码大号加宽加长持久情趣10个,84.0,浙江,100
第六感001超薄避孕套持久装防早泄零感官方旗舰店正品安全套裸入,35.9,广东,1000
杰士邦避孕套零感超薄裸入安全套男用正品官方旗舰店持久装防早泄,35.9,广东,1000
第六感安全避孕套男女士专用官方正品旗舰店狼牙棒情趣带刺大颗粒,33.9,江苏,2000
狼牙棒安全避孕套男加长加粗女士专用调情趣用品带刺大颗粒变态阴,19.8,广东,1000
薄爱新贵玻尿酸118只装避孕套超薄001安全套子水溶免洗正品包邮,200.0,上海,400
超鸟thickpro避孕套加厚男用安全套套正品官方旗舰店7倍厚平滑款,179.5,广东,600
名流避孕套超薄byt男用安全套持久装防早泄锁精环女士专用调情xf,9.9,湖北,8000
冈本001日本超薄0.01安全避孕套大号颗粒避y育螺纹带刺旗舰店狼牙,69.9,广东,600
尚牌HA伊蕾莎玻尿酸避孕套超薄0.01正品100只官方旗舰店安全套子,160.0,上海,400
杜蕾斯避孕套air超薄裸入001男用官方旗舰店正品安全套官网套套tt,39.8,河南,1000
37.5裸感玻尿酸避孕套正品官方旗舰店安全套超薄001男士专用女入,69.0,广东,500
时间季玻尿酸避孕套零感超薄持久装防早泄男用正品旗舰店安全小号,39.9,江苏,2000
大象避孕套官方正品超薄裸入安全套001男用旗舰店隐形神器情趣套t,48.0,广东,900
FAMA避孕套FIT小号安全套男用紧绷超薄避孕套玻尿酸避孕套45mm tt,69.0,上海,900
名流之夜水多多玻尿酸避孕套超薄0.01润滑100只装正品安全套子男,35.0,上海,1000
杜蕾斯001安全套Air隐薄空气套超薄0.01避孕套官方旗舰店官网正品,79.9,四川,800
名流之夜天使小叶玻尿酸男用避孕套超薄免洗裸入正品旗舰店安全套,50.0,陕西,700
名流之夜天使小叶超薄0.01玻尿酸避孕套100只水溶性免洗安全套子,100.0,广东,700
倍力乐持久装避孕套狼牙安全套延时女用专用神器防早泄正品防早射,30.9,山东,1000
sagami相模002超薄避孕套安全套大码L码10只装男用日本大号套套,95.0,浙江,61
第六感001避孕套玻尿酸男用隐形超薄裸入安全套神器持久装防早泄t,35.9,广东,1000
玻尿酸避孕套超薄裸入0.01男用持久装001官方旗舰店正品安全套套y,59.0,湖南,900
SIKI私激官方店玻尿酸避孕套超薄男用T套套tt润滑安全套组合003,44.8,浙江,1000
香蕉计划男用避孕套正品超薄安全套0.01正品延时001旗舰店MC,65.0,天津,1000
日本冈本SKIN避孕套安全套10片装套套成人超薄情趣超润滑持久,26.0,上海,500
延时套避孕套持久装男用全自动抽插防早泄学生超薄0.01情趣安全套,99.0,上海,700
杜蕾斯001避孕套超薄air空气套男用旗舰店官方官网正品安全套000t,69.9,广东,200
情趣狼牙避孕套持久装防早泄安全套男女士专用调情神器正品旗舰店,98.0,浙江,6000
杰士邦避孕套黄金持久装防早泄男用延时情趣超薄正品旗舰店安全套,59.0,浙江,9000
【AiR囤货】杜蕾斯AiR空气套隐薄热薄润薄避孕套安全套,149.0,上海,2000
【紧致超薄】杜蕾斯紧型超薄装避孕套男用小号安全套套49mm贴合,69.0,上海,6000
杰士邦避孕安全套小号紧绷型持久装男专用防早泄49mm官方正品旗舰,32.0,浙江,4000
冈本避孕套官方旗舰店正品安全套超薄裸入套套量贩100片,459.0,安徽,200
【粉金003】冈本正品003超薄避孕套官方旗舰店情趣超滑安全套套男,149.0,安徽,1000
【黄金紧型】杰士邦避孕套持久装小号安全套男用学生官网旗舰店tt,79.9,江苏,2000
杰士邦避孕安全套大颗粒狼牙持久装延时超薄男用异形正品旗舰店tt,30.9,浙江,3000
【-超凡持久限定装】杰士邦避孕套持久装防早泄延时安全套旗舰店,199.0,江苏,200
杜蕾斯避孕套超薄装001男用正品旗舰店安全套裸入官方官网专用tt,34.9,上海,5000
杜蕾斯3只避孕套大胆爱男用超薄正品安全套100只装酒店宾馆批发tt,34.8,山西,500
杜蕾斯避孕套超薄001官方旗舰店官网安全套中号正品套套情趣男用,62.0,上海,2000
延时安全避孕套持久装防早泄男用正品神器延迟锁精环女士专用调情,31.9,山西,1000
狼牙避孕套持久装防早泄男用安全套g点大颗粒带刺情趣异形变态射t,59.0,广东,3000
杜蕾斯超薄避孕套男用持久装防早泄情趣隐形安全套正品旗舰店官网,45.9,广东,2000
名流避孕套小号紧绷45mm超薄型安全套男用女用成人情趣保险套byt,35.9,上海,1000
金名流美人鱼玻尿酸避孕套超薄男女用安全套100只油量大原装正品,340.0,上海,85
赤尾避孕套001超薄安全套保险套6只装玻尿酸套套男用男性计生用品,119.0,上海,200
【会员量贩囤货】冈本001超薄避孕套安全套套0.01超薄避孕套14片,409.0,上海,51
冈本超薄0.01裸入避孕套男女用旗舰店情趣0.01安全套套2片*3盒,194.0,上海,200
冈本SKIN纯超薄避孕套旗舰店贴身敏感人群男情趣安全套10片*2盒,59.0,上海,1000
冈本SKIN超润滑超薄避孕套旗舰店男用情趣裸入安全套套10片*3盒,79.0,上海,400
幸福相模001避孕套5只*2盒+冈本001避孕套3只*2盒,313.0,浙江,33
日本原装进口冈本okamoto 003安全套避孕套黄金版10个日本代购,81.0,浙江,68
大象避孕套超薄裸入001情趣男用持久装颗粒byt正品旗舰店安全套,39.0,江苏,1000
sagami相模002润滑超薄避孕套安全套10只装成人情趣用品日本正品,89.0,浙江,45
杰士邦延时避孕套持久装防早泄男用狼牙带刺大颗粒正品旗舰店安全,49.9,广东,900
延时套安全避孕套持久装防早泄正品旗舰店男用品女情趣专用送丝袜,49.0,广东,800
名流美人鱼玻尿酸避孕套金名流超薄正品水溶性免洗油量大安全套子,200.0,广东,200
名流延时避孕安全套男用持久装防早泄情趣锁精环迟神器旗舰店正品,30.8,上海,3000
杰士邦人体润滑剂液水溶玻尿酸油女性成人用品女士专用避孕套零感,69.0,上海,800
女用液体避孕套超薄裸入女士专用安全套零感凝胶调情加长神器帽环,228.0,美国,200
尚牌女王归来玻尿酸避孕套正品超薄果冻装0.01水溶性免洗安全套子,218.0,广东,200
尚牌玻尿酸避孕套001超薄光面男女士专用润滑正品旗舰店安全套子,160.0,广东,300
名流口交套爽口避孕套超薄男用女性专用口娇安全套情趣口爱调情膜,30.0,江苏,1000
日本冈本001避孕套聚氨酯无色无味超薄幸福0.01安全套水溶无硅油,34.6,北京,1000
【幻久003】大象安全套男专用装超薄避孕套套情趣旗舰官方店,79.9,北京,1000
避孕套超薄001玻尿酸女液体调情男加长持久装防早x裸入安全t专用,39.0,广东,900
避孕套持久装防早泄男用情趣狼牙棒安全套正品旗舰店女带刺大颗粒,4.9,浙江,5000
官网多乐士大颗粒避孕套超薄 情趣安全套环纹G点套成人性用品包邮,22.8,广东,37
okamoto冈本001超薄避孕套0.01极薄日本聚氨酯无色无味透明安全套,36.88,浙江,1000
名流玻尿酸避孕套冰火两重天男女士专用正品超薄旗舰店安全套裸入,30.0,广东,1000
中川001避孕安全套超薄裸入0.01男用聚氨酯官方网正品旗舰店神器,49.0,上海,400
冈本避孕套002超薄男用中号持薄久安超薄/超润滑6片无色正品无味,99.9,上海,37
避孕套女士专用男加粗加长情趣用品异形刺大颗粒安全防早泄狼牙套,30.8,江苏,2000
玻尿酸避孕套超薄硬挺延时延迟不射安全套套男用涩井情趣计生用品,79.0,上海,71
杜蕾斯001超薄避孕套安全套男用女士专用调情tt正品旗舰店官方网,389.0,江苏,100
名流玻尿酸避孕套001超薄裸入0.01男女专用成人情趣装安全套子ls,44.9,上海,1000
倍力乐医用手指套les避孕套女性专用情趣抠抠拉拉qq扣扣男用品性,30.0,广西,2000
名流HA玻尿酸避孕套超薄0.01官方旗舰店正品大盒批发001安全套子,200.0,上海,200
001超薄玻尿酸避孕套零感男用持久装防早泄裸入液体安全女士专用,39.9,上海,1000
没完没了避孕套持久装防早泄男用特小号45超紧20mm40旗舰店安全套,30.9,上海,200
杜蕾斯避孕套超薄裸入男士专用女情趣安全套官方正品旗舰店官网tt,29.9,浙江,10000
杰士邦黄金持久装防早泄早射延时套避孕套男正品超薄安全套旗舰店,59.0,浙江,3000
【重磅新品-001倍润】杜蕾斯最薄避孕套男用超薄安全套套正品,139.9,上海,1000
【超值LOVE】杜蕾斯大胆爱超薄避孕套男女用安全套官方旗舰店正品,42.8,上海,5000
[超润滑001mm]冈本官方旗舰店正品避孕套超薄0.01套套男用安全套,199.9,安徽,1000
【蓝金003】冈本旗舰店超润滑系列超薄贴身避孕套男用避育套套女,139.0,安徽,1000
杜蕾斯 避孕套超薄001男女性专用情趣中号安全套套旗舰店官方正品,65.0,广东,2000
杰士邦黄金持久装紧绷延时避孕安全套49mm小号男用官方正品旗舰店,59.0,浙江,1000
【3D大颗粒】杰士邦避孕套男用超薄裸入安全套带刺官网旗舰店正品,49.9,江苏,1000
【小号紧绷型】杰士邦超薄避孕套男用裸入特安全套官方旗舰店正品,39.9,江苏,1000
名流避孕套超薄3只*100盒002润滑保险安全套成人用品酒店宾馆批发,39.9,山西,600
冈本超薄避孕安全套量贩100只家庭装男用持久装防早泄经典情趣套,109.9,山西,400
杜蕾斯避孕套正品旗舰店安全套超薄裸入套避孕官方官网男士专用女,99.9,上海,1000
杜蕾斯Air空气避孕套超薄001男女正品专用安全套官方旗舰店官网tt,107.9,上海,1000
杜蕾斯避孕套持久装防早泄狼牙带刺g点大颗粒安全t官方正品旗舰店,30.0,广东,1000
第六感超薄避孕套超滑冰火一体情趣带刺安全套男用大颗粒36只,59.9,上海,2000
杰士邦避孕套零感玻尿酸超薄12只润滑安全套男女用官方正品旗舰店,76.9,上海,700
杰士邦避孕套大颗粒3D螺纹计生用品情趣超薄安全套带刺男用12只,108.0,上海,600
大象避孕套复合型00112只超薄0.01聚氨酯安全套隐形裸入持久男用,149.0,上海,100
杜蕾斯避孕套Love大胆爱吧10只*1盒超薄润滑粉色贴合成人安全套,39.9,上海,2000
杜蕾斯大胆爱3只装避孕套超薄安全套男用100只装套子酒店批发b孕,139.0,广东,100
名流避孕套超薄3只*100盒002润滑保险安全套成人用品酒店宾馆批发,109.0,上海,89
okamoto冈本002超薄避孕套0.02安全套大码L码12片装,112.0,浙江,61
名流避孕套物理持久装安全套男士专用情趣正品旗舰店安全避y套,69.9,上海,3000
sagami幸福相模001*3件超薄避孕套安全套正品代购官方旗舰0.01,255.0,浙江,63
倍力乐避孕套男情趣带刺狼牙棒官方正品旗舰店安全g点大颗粒变态,30.0,江苏,1000
倍力乐安全避孕套超薄口娇正品旗舰店男性兽带震动环专用女性调情,30.9,江苏,14
第六感玻尿酸避孕套超薄裸入持久装防早泄男女士专用安全套正品XL,30.0,湖北,2000
大象安全套超薄003避孕套套 男用情趣计生凸点颗粒幻久tt官方旗舰,99.9,北京,1000
名流玻尿酸避孕套大盒100只装水多多超薄无硅油免洗正品安全套子,68.0,上海,900
尚牌女王归来玻尿酸避孕套女士专用液体正品旗舰店安全套超薄裸入,34.9,广东,1000
日本sagami相模原创001避孕套超薄0.01mm安全套5只装男用成人套套,75.0,浙江,54
大卫避孕套超薄正品旗舰店男延时持久装防早泄女士专用安全套裸入,4.8,浙江,9000
尚牌女王归来玻尿酸避孕套官方正品超薄型水溶性免洗水润安全套ls,200.0,上海,200
避孕套冰火持久装防早泄超薄冰感薄荷冰爽用男用正品旗舰店安全套,35.9,上海,100
杜蕾斯超薄装避孕套男安全套避孕套官方激爽四合一32byt正品,39.9,湖北,600
尚牌避孕套001超薄裸入安全男女士专用隐形持久官方正品旗舰店byt,40.0,湖南,100
杜蕾斯避孕套超薄air套套安全套男避孕套官方正品tt超薄装byt,44.9,湖北,900
sagami相模原创001避孕套超薄0.01mm安全套5只装*2盒男用成人情趣,155.0,浙江,13
第六感旗舰店003避孕套超薄裸入隐形女士专用安全套男用官方正品t,39.0,江苏,1000
名流避孕套001超薄安全套套男用女持久装官方旗舰店正品玻尿酸,10.8,上海,3000
裸感超薄安全套避孕套裸入男女性专用品口娇情趣官方正品旗舰店XC,99.0,广东,700
延时男性持久装男用时间情趣印度持久神油非避孕套加粗训练延迟的,58.0,广东,100
金名流美人鱼避孕套玻尿酸超薄正品001水溶性套子润滑免洗安全套,200.0,安徽,100
名流玻尿酸避孕套0.01安全套超薄裸入隐形男用水多润滑正品001套t,20.8,江苏,2000
倍力乐G点手指套les避孕抠抠拉拉套男女士性调情趣医专用品神器BL,30.0,上海,1000
延时套避孕套持久装男用防早情趣抽插安全套超薄0.01学生全自动泄,31.0,浙江,33
名流狼牙安全避孕套子带刺大颗粒g点螺纹男用持久装正品旗舰店棒t,29.9,江苏,1000
羞羞哒水光套避孕套超薄003玻尿酸男用安全套隐形官方正品9只装女,59.0,广东,1000
持久装避孕套延时安全套正品男专用神器异形旗舰店官方非防早泄tt,7.9,上海,3000
口交套男用口娇舔阴膜女用品女性专用舌头口爱神器情趣避孕阴舔套,16.9,上海,2000
尚牌避孕套男用超薄女士专用调情隐形裸入001正品安全套情趣持久,39.0,江苏,8
名流避孕套超薄0.01安全套异形狼牙螺纹大颗粒男女性专用口娇情趣,30.9,上海,100
okamoto冈本001避孕套超薄0.01安全套L大号3只装*4盒男用套套成人,189.0,浙江,1000
sagami相模001避孕套超薄0.01安全套5只装*3盒成人保险套幸福男用,225.0,浙江,1000
【大号系列】杜蕾斯大号装避孕套套男女用安全套搭配草莓情趣,84.0,上海,2000
【凸点螺纹】杜蕾斯凸点螺纹颗粒装避孕套情趣异形安全套套正品,59.0,上海,2000
冈本001避孕安全套男女士专用神器超薄润滑裸入003官方正品旗舰店,55.9,浙江,1000
杰士邦延时避孕安全套黄金持久装防早泄男女士专用情趣正品旗舰店,98.0,浙江,700
【会员专享】冈本旗舰店0.02超薄避孕套10片装男用安全套套byt,248.0,安徽,600
【003囤货装】冈本官方旗舰店正品超薄避孕套套男用安全套女情趣,549.0,安徽,100
【情趣颗粒】杰士邦避孕套正品官方旗舰店狼牙带刺男用延时安全套,59.9,江苏,1000
【日本进口】杰士邦零感避孕套男用超薄裸入安全套官方旗舰店正品,69.9,江苏,1000
名流003玻尿酸避孕套超薄男用润滑安全套裸入隐形001正品旗舰店tt,39.0,山西,700
冈本001避孕安全套男女士专用超薄隐形持久装防早泄003官方正品tt,49.9,山西,600
大象高潮女生玻尿酸避孕套持久装防早泄超薄安全套正品官方旗舰店,35.9,上海,2000
杜蕾斯加厚型避孕套持久装防早泄双保险安全套延时男用旗舰店超厚,49.9,上海,1000
名流避孕套安全套成人情趣用品用具性用品35只装螺纹大颗粒超薄,69.9,上海,3000
冈本TOUCH系列避孕套男女用情趣超薄裸入超润滑安全套套6片*1盒,29.9,上海,30000
大象安全套情趣舒适避孕套15只*1盒大颗粒K纹螺纹裸感舒适亲肤,140.0,上海,1000
杰士邦零感避孕套001超润5只安全套超薄裸入情趣男女套套官网旗舰,79.9,上海,300
杜蕾斯避孕套超薄金装隐feel12只*1盒亲密贴合润滑成人用品安全套,59.0,上海,1000
狼牙棒带刺大颗粒避孕套男用情趣震动加长加粗调情安全套变态神器,35.0,广东,1000
名流避孕套特小号紧绷型45mm超薄男用情趣大颗粒安全套开心套套,35.9,上海,500
名流玻尿酸避孕套超薄油量大安全套男女用情趣型原装旗舰店正品,158.0,上海,100
日本进口okamoto/冈本黑色拳头加厚0.1mm安全套延迟避孕套12片装,81.0,浙江,93
冈本超薄避孕套002情趣型保险安全套套男用成人计生性用品24片装,187.0,浙江,31
37.5避孕套紧致小号超薄001正品旗舰店安全套男用紧绷型49裸感入,69.0,广东,500
名流IDO玻尿酸避孕套100只超薄0.01正品安全水溶性免洗破尿酸套套,150.0,湖北,300
杰士邦延时安全套男黄金持久装非防早泄避孕套正品超薄官方旗舰店,35.0,浙江,1000
日本进口冈本避孕套001超润滑3片超薄安全套成人情趣用品大号正品,66.0,上海,37
【新品上市】赤尾旗舰店超薄避孕套000安全套玻尿酸套男用成人品,158.0,广东,400
名流避孕套超薄001正品旗舰店安全套套男用持久装神器byt女,12.8,上海,2000
第六感超薄避孕套超滑36只冰火一体情趣带刺安全套男用大颗粒螺纹,21.9,上海,400
超鸟thickpro避孕套男用正品加厚安全套套官方旗舰店3倍厚平滑款,99.5,广东,700
日本冈本003透明质酸001避孕套玻尿酸男用持久安全套10只超薄套套,49.0,香港,100
杜蕾斯官方旗舰店官网air避孕套超薄001空气套000安全套裸入正品t,149.0,广东,100
爱善天使俏妃优感觉套套玻尿酸超薄型安全避孕激情无硅油小盒大盒,165.0,安徽,200
杜蕾斯避孕套love大胆爱吧纯杜蕾斯男女阴蒂刺激成人情趣性用品QD,19.8,浙江,1000
幸福1号安全套持久装防早泄特小号20MM10MM超厚加厚型延时避孕套,39.9,广东,1000
口交套男用口娇舔阴膜女用品女性专用舌头口爱神器情趣避孕阴舔套,30.9,江苏,1000
避孕套001零感超薄男用持久装防早泄安全套套官方正品旗舰店byt女,2.9,浙江,8000
日本冈本超润滑超薄避孕套安全套10片男女成人套套计生性情趣用品,25.0,上海,100
薄爱水晶鞋玻尿酸避孕套博爱正品超薄波尿酸安全套子免洗水溶性ls,120.0,上海,400
零感超薄001避孕套男用延时持久装防早泄安全套套情趣女士专用byt,3.8,浙江,8000
菲罗尼亚Feronia001复合型避孕套超薄男用官方旗舰店正品安全套套,199.0,上海,100
冈本001避孕套超薄正品安全套旗舰店男0.001聚氨酯byt官方进口套,106.5,上海,200
名流之夜玻尿酸避孕套超薄裸入官方正品旗舰店安全套子男女士专用,100.0,广东,400
第六感避孕套冰火两重天薄荷味冰爽凉感冰感男用品计生清凉安全套,30.0,上海,100
特小号避孕套持久装防早泄男用女专用调情加长45超紧20mm40安全套,30.0,上海,100
冈本001超薄裸入避孕套正品旗舰店男士专用持久装情趣隐形安全套t,59.0,广东,700
日本冈本sagami0.01mm幸福相模001超薄极薄002非乳胶避孕套5只装,48.0,浙江,800
诺丝003超薄避孕套颗粒正品玻尿酸男女用安全套旗舰店情趣计生品,38.9,广东,900
玻尿酸避孕套男用超薄型001安全套0.01情趣旗舰店小号套byt正品FX,69.9,天津,1000
持久装避孕套安全套延时男用女调情专用正品旗舰店官方非防早泄tt,31.9,上海,1000
超鸟thickpro加厚避孕套安全套正品官方旗舰店男士专用5倍平滑款,129.5,广东,500
日本okamoto冈本003白金男用超薄避孕套安全套12只装成人情趣套套,69.0,浙江,2000
杜蕾斯避孕套持久装防早泄官方旗舰店官网正品安全套男用超薄裸入,41.9,浙江,6000
【活力量贩】杜蕾斯旗舰店活力装润滑避孕套男女用安全套官方正品,59.9,上海,2000
【经典持久体验】杜蕾斯持久延时避孕套男用安全套套官方旗舰正品,39.9,上海,10000
第六感超薄g点大颗粒带刺狼牙避孕安全套男用情趣官方旗舰店正品,30.9,浙江,21
名流g点螺纹大颗粒避孕套带刺狼牙安全套男士专用女棒byt官方正品,33.8,广东,2000
冈本官方旗舰店0.01超薄避孕套男用持久5片装套套byt正品安全套,179.0,安徽,600
避孕套超薄裸入冈本003男用安全套套正品旗舰店30片,459.0,安徽,100
杰士邦SKYN极肤玻尿酸避孕套男用超薄安全套官方旗舰店正品非乳胶,69.0,江苏,500
杜蕾斯超薄避孕套001男用情趣持久装防早泄官方正品旗舰店安全套,85.8,山西,500
名流避孕套超薄情趣安全套男用持久装大颗粒螺纹女性专用口娇套TT,30.9,山西,1000
【零感小号】杰士邦避孕套超薄紧绷型安全套裸入官方旗舰店正品,39.9,江苏,800
冈本001避孕套旗舰店官方超薄003正品byt颗粒套套安全套tt情趣女,35.9,上海,3000
避孕套超薄001升级款非乳胶超润滑无味道安全套套12只男用裸入感,199.0,上海,200
名流MO玻尿酸避孕套安全套保险套16只*1盒情趣超薄润滑003,50.0,上海,1000
避轻松女用液体安全非套女士专用调情女性私处护理抑菌凝胶7支装,88.0,上海,200
杜蕾斯避孕套AiR隐薄空气套10只*1盒柔软超薄润滑贴合成人安全套,119.0,上海,300
冈本001冰感超超薄组合避孕套001超薄2+冰粒粒3+激薄5共10片情趣,89.0,上海,200
第六感避孕套持久装防早泄早射超薄安全套延时套男旗舰店官方正品,35.9,上海,1000
名流避孕套超薄玻尿酸润滑118只装大油量黑金HA男女用安全套子byt,280.0,上海,72
名流大号避孕套玻尿酸超薄裸入男用安全套大号55mm加大官方正品,49.0,上海,200
日本进口冈本Okamoto L大号避孕套加长加大安全套黑马头12只装,82.0,浙江,56
冈本003避孕套12只*2盒白金延时情趣成人用品 阿里健康官方旗舰店,161.0,浙江,26
四维空间避孕套女延时持久装防早泄男用情趣安全套黄金正品旗舰店,89.0,上海,33
冈本避孕套颗粒超薄男用中号持薄久安全套冰粒粒/滑粒粒10片小号,34.0,上海,72
赤尾001玻尿酸避孕套无储精囊安全套超薄裸入男用正品官方旗舰店,89.0,广东,500
大颗粒延时避孕套持久装防早泄男女士专用延迟g点狼牙棒安全套byt,30.9,安徽,1000
杜蕾斯避孕套激爽四合一32只超薄润滑情趣安全套男成人计生用品,65.0,上海,44
名流避孕套正品旗舰店安全套g点大颗粒超薄裸入女士专用调情加长,30.0,江苏,1000
名流避孕套超薄100只带刺狼牙男用情趣安全套阴蒂刺激持久装0.01,32.9,山东,90
赤尾玻尿酸避孕套无储超薄安全套正品男女情趣用品裸入套套tt,49.0,广东,1000
金名流美人鱼玻尿酸避孕套超薄0.01裸入安全套子男001正品旗舰店,268.0,上海,98
女用液体避孕套膜贴纸凝胶女性专用隐形安全套口娇戴裸入环倍力乐,58.0,上海,700
杜蕾斯避孕套正品官方旗舰店官网狼牙棒性情趣用具用品延时套变态,68.9,广东,700
避孕套超薄裸入男用品备孕女专用官方正品旗舰店避y用计生安全套t,19.9,上海,100
杜蕾斯3只避孕套三只装大胆爱超薄安全套100只装酒店宾馆批发,35.0,上海,200
狼牙棒避孕套持久装防早泄男用增长加粗加长女专用调情成人安全套,9.9,浙江,900
大象避孕套高潮情趣组合20只*1组玻尿酸超薄G点颗粒刺激男用情趣,23.9,上海,82
避孕套持久装防早泄男用品女调情趣加长专用早射不成人计生安全套,19.9,上海,1000
倍力乐加厚避孕套物理延时超厚安全套持久装防早泄延迟不射旗舰店,34.9,上海,1000
杜蕾斯单个装小盒装超薄001避孕套三3只一盒狼牙安全套旗舰店官方,8.8,广东,400
名流避孕套超薄0.01男用安全套油量大100只装tt正品玻尿酸女批发,60.0,上海,800
杰士邦喷剂男用品延迟不射持久防早泄射避孕套情趣延时脱敏训练RM,149.0,上海,200
持久装避孕套延时安全套男用女狼牙专用调情神器异形加长非防早泄,7.9,上海,2000
杜蕾斯超薄装避孕套男安全套避孕套官方激爽四合一32byt正品,39.9,北京,700
薄爱舒仕小黑裙玻尿酸避孕套100只装超薄001安全套水溶性免洗正品,80.0,广东,500
冈本超薄超润滑避孕套0.01安全套情趣男001套套003正品旗舰店byt,99.0,上海,300
狼牙棒避孕套男用持久装防早泄情趣正品旗舰店安全套官方女士神器,69.0,广东,700
第六感狼牙棒避孕套大颗粒带刺安全套男持久装防早泄官方旗舰店XL,19.9,湖北,1000
尚牌好运连连玻尿酸避孕套100只超薄原装正品0.01免洗安全套套子,138.0,广东,200
避孕套延时持久装正品旗舰店安全套情趣防早泄超薄零感男用女专用,14.8,山东,300
日本直邮JEX 捷古斯ZONE 自然裸感润滑柔软避孕套粉色 10个,95.0,日本,4
杜蕾斯避孕套量贩100只家庭装组合持久装男大盒安全套旗舰店官方,106.9,广东,200
杜蕾斯避孕套持久装防早泄男用超薄延时安全套正品官方旗舰店官网,54.9,浙江,3000
第六感玻尿酸避孕安全套超薄裸入男女士专用调情趣官方正品旗舰店,29.9,浙江,10000
【AiR润薄】杜蕾斯空气套热薄润薄情趣系列 超薄避孕套男用安全套,129.0,上海,400
【倍滑超薄】杜蕾斯倍滑超薄装安全套套避孕套润滑安全套,69.0,上海,1000
杰士邦黄金持久装避孕安全套情趣男女用延时防早泄正品官方旗舰店,229.0,浙江,64
杜蕾斯经典四合一男用避孕套官方旗舰店正品量贩组合装安全套byt,59.9,广东,1000
冈本避孕套002超薄超滑32片量贩装官方旗舰店裸入套套安全套,629.0,安徽,70
【冈本全家福】冈本避孕套旗舰店正品003男超薄0.01套套男用套套,269.0,安徽,300
杜蕾斯小号避孕套超薄紧绷男用49mm持久装正品防早泄旗舰店安全套,35.9,山西,500
【003裸入】杰士邦零感避孕套超薄隐形安全套男用官方旗舰店正品,79.9,江苏,400
【动感大颗粒】杰士邦避孕套官方正品旗舰店安全套男用狼牙套带刺,49.9,江苏,700
名流之夜避孕套水多多玻尿酸男用安全套子超薄润滑免洗水溶性批发,100.0,山西,100
大象避孕套超薄003安全套20只*1组情趣颗粒加时套套刺激高潮不断,79.8,上海,700
杜蕾斯持久避孕套经典延时10只/盒情趣轻薄降敏安全套原装进口,99.0,上海,300
【会员超值量贩囤货装】冈本skin系列超薄避孕套105片情趣用品,358.0,上海,24
【会员量贩囤货装】冈本003超薄避孕套0.03安全套套情趣用品32片,419.0,上海,25
杰士邦避孕套零感超薄沁薄安全套0.01成人用品性用品用具男6只装,59.0,上海,9000
金名流避孕套玻尿酸超薄油量大装原装正品套子安全套100男用批发,140.0,上海,100
大象001避孕套超薄裸入隐形男士专用安全套官方正品旗舰店女0.01,39.0,上海,1000
名流小号避孕套紧绷49mm超薄型颗粒情趣男用安全套套,39.9,上海,500
杰士邦001避孕套超薄003安全套正品官方旗舰店官网玻尿酸男用0.01,59.0,上海,600
冈本001避孕套3盒超薄持久装防早泄安全保险套阿里健康官方旗舰店,208.0,浙江,24
冈本超薄避孕套002情趣型保险安全套套男用成人计生性用品12片装,103.0,浙江,45
日本冈本避孕套003贴身超润滑10片贴合超薄成人情趣套套白金黄金,26.0,上海,30
情趣避孕套持久装防早泄延时迟狼牙棒安全套套男女士专用调情神器,119.0,上海,32
第六感避孕套超薄超滑平滑001男用品避y备孕正品旗舰店计生安全套,32.9,上海,69
第六感避孕套超薄持久14只延时防早泄安全套男成人夫妻性用品byt,49.9,上海,30
名流避孕套超薄2合1男用男性玻尿酸润滑安全套保险套30只*1盒,19.9,上海,100
尚牌ha玻尿酸避孕套正品超薄0.01官方旗舰店免洗润滑安全套子001,298.0,上海,100
【经典畅销】SIKI私激避孕套官方旗舰店正品超薄裸入玻尿酸安全套,119.9,浙江,300
倍力乐超薄避孕套001安全套裸入隐形男用0.01零感正品官方旗舰店t,39.9,上海,1000
倍力乐调情手指套les女性专用女用情趣用品高潮避孕套男颗粒扣扣,27.9,河北,16
美国VCF正品进口避孕套女士专用液体避孕凝胶调情女戴情趣安全套,218.0,美国,100
名流安全避孕套超薄口娇正品旗舰店男用性兽带震动环专用女性调情,35.9,江苏,12
杜蕾斯避孕套螺纹大颗粒带刺震动环男用情趣异形安全套持久装byt,59.9,广东,300
杜蕾斯超薄避孕套正品旗舰店安全套套官方官网tt避育套避润套001,25.9,广东,800
名流之夜玻尿酸避孕套水润超薄001润滑型安全套子正品旗舰店批发,100.0,上海,300
名流之夜天使小叶玻尿酸避孕套超薄100只装大盒安全套子正品批发,225.0,上海,100
冈本001避孕套男超薄安全套003正品避育情趣隐形裸入官方旗舰店tt,40.5,上海,1000
大象001安全避孕套男用超薄裸入持久装防早泄情趣正品旗舰店官方t,38.0,广东,300
名流避孕套超薄男女用情趣玻尿酸螺纹大颗粒口娇套冰火两重天byt,105.0,上海,100
避孕套狼牙加长加粗加厚硅胶性兽男用穿戴增大大号异形g点大颗粒t,30.9,江苏,53
杜蕾斯超薄避孕套男用延时持久装防早泄安全套正品官方旗舰店官网,35.9,广东,700
日本直邮OKAMOTO 冈本 喵阿楞合作款避孕套 12个×3,99.0,日本,1
okamoto冈本002EX超薄避孕套安全套大码L码6只装成人情趣用品日本,49.0,浙江,9
杜蕾斯小号紧型装避孕套男用特小号安全套49mm超薄紧绷型锁精byt,35.9,广东,500
第六感001避孕套超薄裸入官方旗舰店正品零感男士专用安全套0.01,79.9,江苏,700
杰士邦零感超薄避孕套男专用持久装防早泄神器安全套官方旗舰正品,35.9,广东,1000
女用液体安全套避孕套女士专用隐形性外用神器杀精凝胶膜栓帽贴棒,348.0,广东,100
倍力乐避孕套超紧特小号46mm安全套20mm29mm男学生超薄迷你紧绷型,30.9,江苏,1000
双蝶避孕套超薄安全套带刺狼牙套情趣型阴蒂刺激男用持久装100装,24.9,山东,32
玻尿酸小号物理延时避孕套20mm持久装防早泄10mm加厚型超厚安全套,39.9,上海,1000
杰士邦零感超薄裸入避孕套持久装防早泄男用安全套官方旗舰店正品,35.9,湖北,900
冈本超薄避孕套男用001正品避育润裸入tt安全套003女士官方旗舰店,29.9,浙江,10000
冈本超薄001避孕套男用003隐形裸入0.01安全套官方官网正品旗舰店,62.5,浙江,2000
【双重保险】杜蕾斯双保险装加厚避孕套套男女用安心安全套正品,59.0,上海,1000
【润薄激情】杜蕾斯激情装避孕套男超薄安全套套搭配螺纹官方正品,46.9,上海,900
杜蕾斯避孕安全套情趣持久装男女士用延时迟防早泄官方正品旗舰店,189.0,广东,700
第六感超薄男冰火两重天一体情趣避孕安全套g点大颗粒正品旗舰店,30.0,浙江,1000
【黄金003】冈本旗舰店官方正品003避孕套超薄套套男用情趣安全套,139.0,安徽,400
冈本旗舰店skin避孕套3片质感超薄避育套男用成人性用品001003,34.9,安徽,2000
【大号超薄】杰士邦避孕套男女用裸入神器安全套官网正品旗舰店,39.9,江苏,500
【持久延时】杰士邦官方玻尿酸避孕套正品旗舰店安全001裸入男用,39.9,江苏,1000
冈本安全避孕套狼牙棒男用正品旗舰店持久装防早泄情趣g点大颗粒,30.0,山西,300
冈本001避孕套超薄正品旗舰店0.01安全套中号男用情趣隐形裸入byt,188.0,山西,52
冈本超薄肤感组合避孕套超润滑10+纯10+激薄5+003超润滑2片共27片,99.0,上海,200
避孕套超薄001体温款热感传导18只非乳胶安全套男用裸入官方正品,229.0,上海,100
杰士邦避孕套零感臻薄三合一日本安全套超薄0.01成人性用品24只,179.0,上海,100
冈本超薄001裸入避孕套旗舰店超润滑情趣0.01安全套男女3片*2盒,194.0,上海,96
冈本003组合装超薄避孕套男女用情趣裸入0.03安全套套8片*1盒,109.0,上海,200
名流避孕套100只装超薄大油量润滑男女用情趣安全套子正品旗舰店,69.0,上海,100
名流MO玻尿酸避孕套女士专用超薄003安全套润滑tt旗舰店正品byt,59.9,上海,200
杜蕾斯避孕套超薄正品旗舰店安全套裸入专用官方男情趣tt官网001,99.9,上海,400
日本sagami幸福相模001超薄避孕套 无色透明0.01mm安全套5个*2盒,185.0,浙江,33
冈本/okamoto 003安全套 芦荟精华 10个/盒,93.0,浙江,38
冈本003避孕套官方旗舰店正品超薄男女安全套正品专用0.03裸入士,59.0,上海,2000
冈本四合一超薄003系列/透薄系列尝新10片/盒润滑避孕套套套正品,39.9,上海,38
日本冈本003润滑避孕套安全套10片装 男用计生成人用品持久套套,99.0,上海,9
大象避孕套复合型00112只超薄0.01聚氨酯安全套隐形裸入持久男用,149.0,上海,14
冈本避孕套超薄进口TOUCH旅行装安全套19只装正品安全套套,29.9,上海,54
日本直邮OKAMOTO 冈本 纸箱人阿愣公仔安心避孕套 36个,95.0,日本,2
名流避孕套螺纹大颗粒狼牙安全套超薄情趣男女高潮冰火两重天byt,124.0,上海,45
爱善天使优感觉玻尿酸俏妃避孕套超薄超润无硅油正品特价大盒23只,178.0,广东,100
官方正品延时避孕套超薄0.01男持久装安全情趣延迟学生小号旗舰店,28.0,江苏,29
杰士邦玻尿酸人体水性润滑剂液夫妻水溶性油旗舰店网避孕套用品YK,119.0,上海,400
进口杜蕾斯超大号超薄避孕套XXL码加大加粗加长特大号安全套64mm,125.0,北京,200
日本直邮Okamoto 冈本利拉熊避孕套热感润滑安全实用10只装,62.0,日本,0
tatale安全避孕套超薄0.01男用螺纹大颗粒情趣tt持久延时正品套套,5.8,浙江,9000
名流玻尿酸避孕套超薄正品0.01黑金HA珍品润滑118只装免洗安全套,200.0,浙江,100
okamoto冈本002EX超薄避孕套安全套组合（基本款6只黄金贴身6只）,99.0,浙江,1
倍力乐口交套避孕套女性专用口娇男士安全套爽口调情趣口爱膜神器,30.9,江苏,1000
杰士邦零感超薄0.01避孕套持久安全套男情趣女防早官网旗舰byt泄,49.0,上海,9
日本冈本003玻尿酸白金黄金透明质酸芦荟避孕套超薄0.03安全套001,48.0,北京,600
名流避孕套口娇套超薄口爱套女性专用安全套水果味爽口套男用戴by,19.9,山东,15
okamoto冈本003白金避孕套0.03安全套12只装男用套套成人用品日本,75.0,浙江,1
杜蕾斯（Durex）凸点安全套10只装情趣男用超薄成人避孕套套套,39.0,浙江,7
杜蕾斯避孕套超薄air套套安全套男官方正品tt超薄装避孕套,55.9,湖北,400
杜蕾斯（Durex）超薄颗粒安全套10只装情趣男用成人避孕套套套,39.0,浙江,7
杰士邦避孕套男用安全套持久装超薄0.01螺纹大颗粒防早官网旗舰泄,49.9,上海,2
玩美避孕套玻尿酸100只装安全套88只玩美大油量超薄光面隐形大盒,32.0,福建,700
杰士邦避孕套男用安全套持久装螺纹大颗粒异形防早官网旗舰byt泄,49.9,上海,0
名流之夜玻尿酸避孕套男超薄0.01水溶性免洗安全套子正品100只装,100.0,浙江,100
涩井0.01超薄型避孕套学生男专用玻尿酸润滑情趣安全套旗舰店正品,128.0,广东,200
韩国直邮REDCONTAINER避孕套情趣舒适安全套大颗粒圆点型超薄型8P,46.0,韩国,0
韩国直邮REDCONTAINER避孕套情趣舒适安全套大颗粒圆点型薄型8P,46.0,韩国,0
杰士邦玻尿酸避孕套超薄男士专用女零感正品官方旗舰店安全套裸入,35.9,浙江,100
杰士邦001避孕套男用超薄零感正品隐形裸入安全套官方旗舰店0.01y,59.9,浙江,1000
情趣狼牙避孕套持久装防早泄安全套男女士专用调情神器正品旗舰店,128.0,浙江,1000
【001尝鲜】杜蕾斯旗舰店001避孕套 男用超薄装安全套套 官方正品,69.9,上海,900
【入会享5折】杜蕾斯超薄延时装避孕套情趣安全套官方正品,45.0,上海,8000
杰士邦001避孕安全套超薄裸入官方正品旗舰店情趣神器男用持久装t,137.9,浙江,200
冈本003白金超薄001裸入隐形避孕安全套男女士专用官方正品旗舰店,159.0,浙江,100
【肤感3合1】冈本官方旗舰店正品001超薄避孕安全套套男用003零感,59.9,安徽,1000
冈本官方旗舰店超薄避孕套超值量贩装男用持久情趣套套正品安全套,129.9,安徽,1000
杰士邦避孕套男用安全套女士专用颗粒神器狼牙棒官网旗舰店正品,59.9,江苏,600
【至润003】杰士邦零感超薄避孕套男用裸入安全套官方旗舰店正品,109.9,江苏,300
诺丝避孕套超薄情趣组合26只/组男女用成人用品持久刺激安全套套,59.0,上海,600
大象避孕套情趣系列量贩装40只礼盒超薄男女用大颗粒安全套byt,69.9,上海,300
杜蕾斯避孕套大包装12只*1盒大尺寸超薄贴合润滑情趣成人安全套,45.0,上海,500
杜蕾斯持久避孕套超薄延时10只*1盒超薄情趣降敏安全套原装进口,109.0,上海,79
大象安全套超薄003避孕套15只*1盒超轻薄超润薄无储裸感水润,72.0,上海,200
名流避孕套超薄49mm紧绷型小号成人情趣用品安全套润滑男用女用,35.9,上海,300
名流G点大颗粒避孕套狼牙带刺安全套男用冰火两重天情趣套子女byt,49.9,上海,300
日本OKAMOTO冈本001超薄避孕套L码大号3个装 加倍润滑持久安全套,61.0,浙江,42
冈本002超薄避孕套安全套三色装6只*3盒+冈本002情趣型12只*1盒,221.0,浙江,14
杜蕾斯避孕套凸点螺纹g点大颗粒官方正品旗舰店安全套情趣装狼牙,34.9,上海,1000
名流避孕套超薄小号紧绷型49mm大颗粒男用学生小号持久安全套0.01,32.9,山西,200
杜蕾斯避孕套小号紧型装紧绷超男用安全套专用49mm旗舰店官方正品,33.0,上海,1000
杜蕾斯小号紧型装避孕套学生49mm男用安全套官方正品套紧绷超薄,35.9,山西,51
名流MO玻尿酸避孕套安全套16只组合装情趣超薄润滑003成人延时,34.9,上海,100
名流避孕套超薄002丝滑透薄30只情趣持久男用女用安全套普通型,19.9,上海,400
日本冈本超薄避孕套安全套10片男女套套成人计生性情趣延时装润滑,35.0,上海,20
okamoto冈本001润滑50g私处用成人情趣用品日本进口润滑剂避孕套,62.0,浙江,22
日本冈本避孕套003超润滑3片装润滑液成人性用品套情趣正品安全套,42.0,上海,3
okamoto冈本003避孕套安全套超薄10只装成人情趣用品持久防感染,99.0,浙江,1
日本直邮OKAMOTO 冈本 002系列超薄避孕套 真实体感 6个,85.0,日本,2
okamoto冈本003安全套热感0.03超薄避孕套10只装男用套套成人用品,109.0,浙江,0
okamoto冈本003安全套0.03超薄避孕套10只装男用套套成人持久大号,109.0,浙江,1
日本直邮OKAMOTO 冈本 超薄双倍润滑避孕套0.01mm 3只,90.0,日本,0
杰士邦延时持久装防早泄避孕套男用超薄裸入安全套正品旗舰店官方,69.0,广东,300
名流延时避孕套持久装防早泄男用射迟情趣正品旗舰店安全套套神器,24.9,广东,900
大象避孕套女士专用调情趣超薄持久装防早泄正品旗舰店安全套神器,30.0,广东,1000
日本直邮OKAMOTO 冈本 002系列超薄避孕套 真实体感 6个,85.0,日本,2
名流避孕套超薄水润100玻尿酸油量大黑金001水溶性免洗安全套子男,208.0,浙江,100
名流001玻尿酸避孕套女士专用100只安全套超薄裸入正品旗舰店男tt,150.0,广东,200
杰士邦避孕套男用安全套持久装超薄0.01螺纹大颗粒防早官网旗舰泄,49.9,上海,2
玩美避孕套玻尿酸100只装安全套88只玩美大油量超薄光面隐形大盒,32.0,福建,700
杰士邦避孕套男用安全套持久装螺纹大颗粒异形防早官网旗舰byt泄,49.9,上海,0
名流之夜玻尿酸避孕套男超薄0.01水溶性免洗安全套子正品100只装,100.0,浙江,100
涩井0.01超薄型避孕套学生男专用玻尿酸润滑情趣安全套旗舰店正品,128.0,广东,200
okamoto冈本003安全套热感0.03超薄避孕套10只装男用套套成人用品,109.0,浙江,0
杜蕾斯超薄0.01避孕套螺纹大颗粒情趣异形安全套男女性专用口娇极,69.9,安徽,0
韩国直邮REDCONTAINER避孕套情趣舒适安全套大颗粒圆点型薄型8P,46.0,韩国,0
韩国直邮REDCONTAINER避孕套情趣舒适安全套大颗粒圆点型超薄型8P,46.0,韩国,0
名流之夜玻尿酸避孕套小号49mm超薄001正品100只装安全套水多润育,30.0,浙江,1000
杰士邦玻尿酸避孕套超薄男士专用女零感正品官方旗舰店安全套裸入,35.9,浙江,100
杰士邦延时持久装防早泄避孕套男用超薄裸入安全套正品旗舰店官方,69.0,广东,300
名流延时避孕套持久装防早泄男用射迟情趣正品旗舰店安全套套神器,24.9,广东,900
大象避孕套女士专用调情趣超薄持久装防早泄正品旗舰店安全套神器,30.0,广东,1000
杰士邦零感避孕套超薄裸入男用001玻尿酸安全套官方正品旗舰店003,39.0,浙江,2000
冈本0.03白金超薄裸入避孕套001男用安全套旗舰店官方正品情趣,69.0,浙江,1000
【划算组合】杜蕾斯激情装避孕套情趣男用安全套套量贩装官方正品,75.9,上海,400
【全家福礼盒】杜蕾斯全系列超薄持久情趣避孕套安全套,679.0,上海,29
名流MO玻尿酸水溶性避孕套超薄001安全套男用神器正品旗舰店官方,38.0,广东,1000
名流45mm特小号安全套超紧避孕套大颗粒紧绷型超薄男用29神器正品,33.8,广东,1000
【情趣颗粒】冈本官方正品旗舰店避孕套超薄超润滑男用持久安全套,59.0,安徽,1000
【001尝鲜】冈本避孕套超薄裸入正品旗舰店安全套男士专用001套套,69.0,安徽,900
【杰士邦001紧型】超薄避孕套男用零感安全套裸入官方旗舰店正品,89.9,江苏,100
【超薄贴合】杰士邦避孕套敢做敢爱男用安全套官方旗舰店正品byt,24.9,江苏,1000
赤尾铂金三合一超薄避孕套15只玻尿酸安全套计生用品男用套套,159.0,上海,63
大象安全套避孕套高潮女生醉爱小粉盒24只快感超薄003水润玻尿酸,139.0,上海,100
避孕套超薄001超水润滑非乳胶安全套套3只情趣男用不致敏官方正品,59.0,上海,700
赤尾避孕套国潮诱惑系列12只装超薄安全套男女用玻尿酸润滑套套,99.0,上海,100
冈本冰感透薄避孕套旗舰店薄荷因子进口情趣超薄安全套套10片*1盒,79.9,上海,300
名流MO玻尿酸避孕套学生紧绷型 超薄情趣润滑男用安全套套小号,59.0,上海,200
名流49mm颗粒紧绷小号超薄避孕套带刺狼牙G点情趣安全套男用套套,39.9,上海,200
名流加厚型避孕套安全套超厚双保险厚男用10旗舰店官方正品厚款tt,30.9,山西,100
冈本001超薄避孕套男用隐形裸入情趣冰感官方正品旗舰店g点安全套,44.9,山西,50
冈本001避孕安全套*2盒装成人情趣用品保险套 阿里健康官方旗舰店,128.0,浙江,27
日本进原装口冈本002超薄避孕套安全套三色装6只0.02,68.0,浙江,66
杜蕾斯避孕套持久装延时安全套官方旗舰店官网延迟男用正品超薄tt,68.9,上海,1000
杜蕾斯避孕套情趣男用醉清风旗舰店官方正品女避育安全套套子byt,39.9,上海,76
四维空间玻尿酸001超薄裸入避孕套男女用持久装防早泄延时安全套,69.0,上海,13
杰士邦ZERO零感至润超薄避孕套安全套10只装正品成人乳胶套套中号,99.0,上海,2
名流避孕套超薄002丝滑透薄30只情趣持久男用女用安全套普通型,19.9,上海,400
大象安全套超薄003避孕套小绿盒15只装超轻薄超润薄无储裸感水润,39.9,上海,100
okamoto冈本003避孕套安全套超薄10只装成人情趣用品持久防感染,99.0,浙江,1
杜蕾斯AIR隐形套薄避孕套安全套男用润滑成人情趣用品进口10只装,59.0,浙江,3
okamoto冈本003安全套0.03超薄避孕套10只装男用套套成人持久大号,109.0,浙江,1
日本直邮OKAMOTO 冈本 超薄双倍润滑避孕套0.01mm 3只,90.0,日本,0
日本直邮Okamoto冈本避孕套001系列超薄避孕套L无橡胶异味3个,88.0,日本,0
赤尾玻尿酸避孕套超薄001安全套SHE积雪草精华呵护成人计生情趣套,59.9,广东,2000
大象避孕套持久装防早泄超薄001男士专用女t正品旗舰店安全套裸入,39.9,浙江,500
倍力乐医用les手指套避孕套女性专用情趣激情抠抠qq扣扣男用品性,15.9,上海,1000
玻尿酸避孕套超薄001男用调情旗舰店官方正品安全套持久计生用品,79.0,广东,400
杜蕾斯避孕套超薄001安全套air空气套男官方旗舰店正品杜蕾斯官网,49.8,四川,600
杜蕾斯活力装3只24盒避孕套超薄光面安全套情趣计生用品酒店批发,108.0,上海,9
避孕套男超薄3d螺纹超大颗粒g点带刺狼牙棒鸟避育安全套调情趣byt,129.0,上海,200
第六感避孕安全套延时迟男用持久装防早泄神器情趣正品旗舰店RV,35.0,上海,1000
杜蕾斯air空气套避孕套超薄隐形裸入001男用官方旗舰店正品安全套,69.9,河南,300
杰士邦超薄零感玻尿酸避孕套男女士专用颗粒官网旗舰店安全套正品,35.9,江苏,600
杜蕾斯避孕套超薄正品男女士安全套专用情趣官方旗舰店官网避育阴,56.9,江苏,600
黑色避孕套加厚超厚型10mm男用20持久装防早泄女专用黑金刚安全套,9.9,浙江,200
赤尾玻尿酸超薄裸入避孕套男用持久装防早泄安全套官方旗舰店正品,30.0,广东,600
杜蕾斯避孕套持久装防早泄延时by安全套苯佐卡因官方旗舰店官网tt,37.9,广东,700
杜蕾斯避孕套love3只装大胆爱男用10只装宾馆安全套酒店专用批发,99.0,河北,64
四维空间避孕安全套狼牙带刺大颗粒男女士专用调情持久装防早泄射,68.0,广东,300
5只装冈本001避孕套超薄裸入0.01安全套子女男用日本进口0.001极,169.0,上海,84
冈本003避孕套超薄男用旗舰店白金黄金超润滑0.03超润滑安全套极,179.0,上海,78
杜蕾斯超薄避孕套男用安全套旗舰店官方byt隐feel0.01情趣正品,109.0,上海,100
第六感冰火两重天避孕套持久装防早泄男女士专用狼牙正品安全套XL,25.9,湖北,1000
名流之夜玻尿酸避孕套超薄001 裸入隐形男用官方旗舰店正品安全套,50.0,上海,400
杜蕾斯避孕套大号超薄型56mm安全套加大超大男用官方旗舰店正品tt,37.9,浙江,3000
杰士邦避孕套零感超薄裸入001男用安全套官方正品旗舰店计生用品y,34.9,浙江,4000
【润滑超薄】杜蕾斯旗舰店倍滑超薄避孕套男女用情趣安全套套官方,89.0,上海,400
【螺纹系列】杜蕾斯螺纹装避孕套男用情趣安全套套官方正品,49.9,上海,600
冈本避孕安全套育001超薄裸入隐形男女士专用003正品官方网旗舰店,29.9,浙江,2000
第六感物理延时加厚避孕安全套男女用持久装防早泄锁精正品旗舰店,32.0,广东,1000
【003量贩小】冈本旗舰店003安全套超薄避孕套套男专用tt便携避育,189.0,安徽,300
【超薄新体验】冈本官方旗舰店透薄避孕套男用套套正品男用安全套,259.0,安徽,100
【润薄组合】杰士邦避孕套安全零感持久装防早泄正品旗舰店安全套,79.9,江苏,200
【零感润薄】杰士邦避孕套超薄男用安全套隐形裸入官方旗舰店正品,79.9,江苏,300
诺丝避孕套超薄情趣组合26只/组男女用成人用品持久刺激安全套套,59.0,上海,600
大象避孕套情趣系列量贩装40只礼盒超薄男女用大颗粒安全套byt,69.9,上海,300
杜蕾斯避孕套大包装12只*1盒大尺寸超薄贴合润滑情趣成人安全套,45.0,上海,500
杰士邦避孕套超凡持久超薄情趣安全套保险套延时成人性用品10只,129.9,上海,56
【第2件0元】第六感避孕套超薄平滑安全套套byt 成人情趣用品24只,49.9,上海,700
名流避孕套超薄002情趣型润滑G点保险套成人男用女用套子安全套,35.9,上海,300
名流避孕套超薄49mm紧绷型小号成人情趣用品安全套润滑男用女用,35.9,上海,300
名流001玻尿酸避孕套超薄0.01官方旗舰店正品套子安全套byt男情趣,55.0,山西,100
冈本001避孕套超薄正品安全套隐形003男用官方旗舰店持久装防早泄,49.9,山西,100
冈本003润滑避孕套安全套 10片装 男用女用情趣成人持久套套,103.0,浙江,6
杜蕾斯大号套避孕套56mm超大安全套加大男用超薄型官方旗舰店正品,38.9,上海,1000
日本OKAMOTO冈本002加倍润滑避孕套超薄正品安全套持久情趣 6个,49.0,浙江,23
杜蕾斯超薄避孕套001官方正品旗舰店安全套女裸入避育男官网专用,62.9,上海,900
诺丝超薄避孕套003玻尿酸润滑避育安全套隐形裸夫妻房事计生用品,28.0,上海,59
Durex杜蕾斯避孕套小号持久安全套成人情趣紧型12只润滑套套男用,46.0,上海,11
大象避孕套情趣系列量贩装40只礼盒超薄男女用大颗粒安全套byt,69.9,上海,10
冈本003超润滑避孕套超薄0.01安全套成人10只装,139.0,上海,1
okamoto冈本001避孕套200%润滑超薄0.01安全套3只装男用成人套套,59.0,浙江,0
okamoto冈本豹纹芦荟避孕套安全套12只装成人情趣用品日本超薄,49.9,浙江,0
日本直邮SAGAMI相模避孕套002原创避孕套超薄型无橡胶异味2个,35.0,日本,0
日本直邮SAGAMI相模避孕套002原创避孕套超薄型无橡胶异味5个,65.0,日本,4
女用液体安全套避孕套膜贴女性专用口娇套成人环帽凝胶情趣神器lh,168.0,广东,200
名流口交套爽口避孕套超薄男用女用口吹口娇膜安全套女性专用情趣,7.9,上海,2000
赤尾狼牙棒超薄玻尿酸避孕套螺纹大颗粒安全套男情趣用品g点套套,58.9,广东,1000
杰士邦避孕套持久装防早泄白金延时男用超薄安全套官方旗舰店正品,59.0,广东,300
双珠情趣异形避孕套带刺大颗粒加长加粗女性专用高潮安全套送丝袜,35.0,江苏,10
狼牙避孕套男用品持久装防早泄加长加粗女专用调情早射成人安全套,9.9,浙江,200
延时情趣避孕套男用持久螺纹大颗粒安全套女性专用调情震动狼牙套,35.9,江苏,16
日本相模幸福001安全套5只/盒*3盒Sagami冈本0.01超薄避孕套3只装,96.8,山东,100
杜蕾斯避孕套小号紧绷超薄特小号安全套套49mm旗舰店官方正品官网,58.9,广东,300
大象玻尿酸避孕套超薄0.01情趣003套套001安全套男用爽滑成人tt,99.9,浙江,400
杜蕾斯001超薄裸入避孕套男用持久装防早泄安全套正品旗舰店女用t,59.0,广东,200
倍力乐65加大码避孕套大号60mm特大46小号58中号超薄男用安全套套,34.9,上海,800
lesparty拉拉手指套激情情趣用品女性专用调情避孕套扣扣安全套XC,15.9,广东,800
杜蕾斯超薄酒店宾馆超市批发避孕套大胆爱吧3只装小盒男用byt成人,63.9,湖北,100
特小号避孕套持久装防早泄超紧绷40mm超薄男用45学生20超小安全套,9.9,广东,100
狼牙棒避孕套男用持久装防早泄情趣安全套g点大颗粒异形带刺神器t,30.0,广东,600
避孕套持久装防早泄男用品女专用调情加长避y安全套计生成人保健,9.9,广东,100
女用液体安全套超薄0.01避孕套栓膜贴纸女专用隐形凝胶正品旗舰店,168.0,广东,86
裸感安全避孕套女延时持久装防早泄超薄男用情趣黄金正品旗舰店OL,99.0,上海,300
尚牌女王归来避孕套玻尿酸超薄裸入正品旗舰店安全套子女士专用型,69.9,广东,300
名流避孕套子水qq超薄正品玻尿酸100只装001安全套男用水溶性免洗,68.0,上海,400
第六感49mm小号避孕套超薄玻尿酸超紧型紧致紧绷安全套男用持久20,30.9,江苏,800
杜蕾斯避孕套001超薄0.01安全套女士男用专用官方旗舰店正品官网,119.0,浙江,1000
sagami相模002超薄避孕套安全套20只装成人润滑情趣用品男用套套,159.0,浙江,600
【草莓大号】杜蕾斯大号装避孕套套男女用安全套果味情趣旗舰正品,49.9,上海,600
【AIR热薄】杜蕾斯空气套热薄润薄情趣系列 超薄避孕套男用安全套,129.0,上海,100
杰士邦延时喷剂成人用品男持久装防早泄苯佐卡因延迟性避孕套情趣,139.0,浙江,300
赤尾铂金超薄避孕套男用情趣安全套玻尿酸润滑高潮刺激房事套套tt,89.0,广东,200
【会员专享】冈本0.02避孕套6片装超薄超润滑避育套男用性用品,148.0,安徽,200
【冰感透薄】冈本安全套旗舰店超薄避孕套男用套套情趣男正品byt,99.0,安徽,500
【零感量贩】杰士邦超薄裸入男女用避孕套官方旗舰店正品安全套tt,199.9,江苏,30
【SKYN极肤礼盒】杰士邦玻尿酸避孕套官方旗舰男女士专用安全套,299.0,江苏,5
杜蕾斯持久避孕套超薄延时10只*1盒超薄情趣降敏安全套原装进口,109.0,上海,79
冈本超薄001裸入避孕套旗舰店超润滑情趣0.01安全套男女6片*1盒,194.0,上海,80
大象安全套超薄003避孕套15只*1盒超轻薄超润薄无储裸感水润,72.0,上海,200
杰士邦zero零感避孕套玻尿酸润滑型情趣安全套避润套正品24只,99.9,上海,100
杰士邦避孕套持久装防早安全套超薄情趣延时正品旗舰店男女用14只,99.9,上海,100
名流避孕套超薄mo玻尿酸118只油量大原装正品批发男女用安全套byt,398.0,上海,6
名流避孕套超薄玻尿酸IDO油量大100只装原装正品批发安全套子男用,198.0,上海,39
名流之夜水多多玻尿酸避孕套女士专用超薄润滑旗舰店正品安全套男,35.0,山西,100
名流避孕套超薄小号紧绷型49mm大颗粒男用学生小号持久安全套0.01,32.9,山西,200
日本sagami幸福相模001超薄避孕套男持久安全套0.01正品旗舰5只*3,537.0,浙江,1
杜蕾斯避孕套持久装防早泄射延时男官方旗舰店超薄正品超薄裸入,89.9,上海,500
杜蕾斯避孕套持久装防早泄延时官方旗舰店官网安全套男用正品超薄,37.9,上海,1000
日本进口冈本Okamoto 003冈本超薄情趣款避孕套炫彩3色安全套12只,82.0,浙江,3
杰士邦情趣颗粒螺纹32只装避孕套超薄安全套正品持久乳胶男用中号,66.0,上海,9
避孕套超薄持久聚氨酯安全套男用情趣套润滑计生用品套套延时正品,42.0,上海,28
名流避孕套安全套成人情趣用品延时持久35只装螺纹大颗粒超薄,19.9,上海,100
冈本避孕套超薄0.01男进口套套正品旗舰店安全套女用情趣byt,59.9,上海,2
名流之夜避孕套超薄100只油量大安全套酒店公寓润滑大盒批发草莓,9.8,广东,8
冈本3只避孕套三只装超薄安全套100只装酒店宾馆客房批发,59.0,上海,72
薄爱水晶鞋玻尿酸避孕套108只装超薄润滑水溶性免洗中号003安全套,120.0,安徽,200
key延时避孕套超薄玻尿酸持久装防延迟安全套男用情趣高潮女,99.0,上海,200
中川001避孕套超薄0.01男用情趣002安全套0.02水性聚氨酯套套zk,139.0,安徽,73
中川001超薄避孕套0.01男用情趣002安全套0.02防过敏聚氨酯套套zk,119.0,安徽,94
名流之夜超薄避孕套男士专用玻尿酸安全套裸入001女byt正品旗舰店,110.0,福建,200
本通避孕套啪啪安全套大油量持久水多多15只套超薄裸入男用套成人,9.9,浙江,100
okamoto冈本002EX超薄避孕套安全套标准款6只装成人情趣用品日本,59.0,浙江,0
杜蕾斯Air空气避孕套超薄001男女士正品专用安全套官方旗舰店官网,149.0,江苏,100
大象避孕套超薄0.01带刺b孕安全套男女用情趣型口高潮套套计生001,39.9,江苏,500
羞羞哒水光避孕套玻尿酸003超薄男安全套官方正品旗舰店女士专用,59.0,江苏,400
杜蕾斯001避孕套超薄裸入安全套男女byt正品杜蕾斯官方旗舰店官网,49.8,四川,600
名流之夜玻尿酸避孕套100只装水溶性免洗超薄0.01批发正品安全套,150.0,上海,93
久紧避孕套冲天炮一号新款持久装颗粒延时安全套男用阴蒂刺激12只,169.0,福建,100
延时套避孕套男用安全套情趣持久装男女士专用调情加长非防早泄tt,19.9,广东,800
名流黑金001玻尿酸避孕套超薄免洗不油腻零残留安全套超润滑套子,208.0,广东,100
杜蕾斯超薄避孕套男用持久装防早泄狼牙带刺大颗粒安全套调情神器,59.9,广东,200
大象避孕套男超薄001隐形裸入持久装防早泄官方旗舰店正品安全套t,48.0,广东,500
okamoto冈本002EX超薄避孕套安全套6只装成人情趣日本持久大码,56.0,浙江,0
冈本冰火两重天超薄情趣套避孕套003安全套男001颗粒冰感byt正品t,64.0,上海,400
名流玻尿酸HA避孕套男黑超薄0.01大盒安全套超薄118只装水溶正品,200.0,湖南,65
薄爱小黑裙玻尿酸避孕套女士专用正品旗舰店超薄裸入安全套100只,42.8,河北,500
赤尾玻尿酸安全套超薄紧致学生小号避孕套男成人计生用品情趣套,39.9,广东,600
名流玻尿酸避孕套粉美人鱼118只001水溶性不掉套安全套买就送豪礼,45.0,浙江,100
名流HA玻尿酸水溶性免洗避孕套001超薄0.01正品旗舰店安全套套子,208.0,上海,100
超薄祼入001玻尿酸安全避孕套男女士专用调情神器官方旗舰店正品,98.0,浙江,1000
杰士邦超凡持久装防早泄避孕套男用延时套早射安全套正品官方旗舰,79.0,浙江,1000
【亲密贴合】杜蕾斯经典装避孕套男用安全套套超薄情趣官方正品,39.9,上海,800
【凸点螺纹热感】杜蕾斯大颗粒装避孕套套情趣冰火两重天安全套,69.0,上海,400
杰士邦零感避孕安全套超薄延时迟持久装男用大颗粒官方正品旗舰店,19.9,浙江,2000
第六感避孕安全套小号紧绷型持久装男专用防早泄49mm官方正品旗舰,39.9,浙江,100
【会员9.9元】冈本避孕套冰感颗粒情趣持久安全套套官方旗舰正品,19.9,安徽,10000
冈本官方旗舰店SKIN超润滑避孕套超薄10片装男用情趣安全套byt,34.8,安徽,800
杰士邦避孕套持久装防早泄男用安全套延时黄金官网旗舰店正品神器,79.0,江苏,400
【超薄量贩】杰士邦避孕套男女用官方旗舰店正品安全套裸入狼牙套,119.9,江苏,59
冈本情趣大颗粒润滑系列超薄避孕套裸入安全套套冰粒粒13片*1套,69.0,上海,500
杰士邦零感超薄避孕套超润滑zero安全套成人计生用品正品18只,75.0,上海,400
避孕套超薄001超水润滑款21只安全套非乳胶情趣男用裸入官方正品,249.0,上海,34
杰士邦避孕套情趣大颗粒g点超薄安全套带刺狼牙螺纹男女用24只,79.0,上海,300
杰士邦避孕套超薄精选四合一安全套男用成人计生情趣性用品女24只,99.0,上海,400
名流G点大颗粒避孕套狼牙带刺安全套男用冰火两重天情趣套子女byt,49.9,上海,300
名流超薄避孕套大号55mm安全套润滑情趣成人性用品男用套套保险套,29.9,上海,200
名流安全避孕套持久装带刺狼牙男用情趣异形大颗粒官方正品旗舰店,32.9,山西,100
秘恋延时安全套避孕套超薄持久装男用情趣延迟神器正品旗舰店狼牙,32.9,山西,200
杰士邦动感3d大颗粒情趣避孕套持久装男用狼牙安全套g点官方正品t,30.0,上海,2000
日本冈本超润滑超薄避孕套安全套3片延时装胶乳成人计生情趣正品,10.9,上海,55
003避孕套超薄冰火高潮安全套男用持久避育套计生用品薄荷套套,35.0,上海,32
日本OKAMOTO冈本002EX避孕套超薄正品安全套套子L码持久情趣 6个,54.0,浙江,10
冈本001避孕套安全套超薄成人情趣用品延时阿里健康官方3只装*4盒,360.0,浙江,3
杰士邦003玻尿酸避孕套男用超薄001官方旗舰店官网正品专用安全套,39.0,上海,600
第六感超薄避孕套情趣六合一24只润滑安全套大颗粒带刺螺纹男用,29.9,上海,2
杜蕾斯超薄避孕套AiR空气快感三合一16只空气套柔软润滑男用,109.0,上海,0
杰士邦玻尿酸避孕套正品旗舰店安全超薄裸入男女士专用官方001早,49.9,江苏,700
玻尿酸超薄裸感安全避孕套套男女性专用口娇情趣官方正品旗舰店FS,99.0,上海,200
避孕套男超薄裸入凸点螺纹超大颗粒3d狼牙棒g点带刺避育安全套byt,129.0,上海,100
第6感避孕套玻尿酸狼牙棒安全套套带刺g点大颗粒女士专用调情神器,29.8,广东,100
避孕套男加粗加长狼牙套带震动环女性专用调情趣口娇异形安全性兽,30.9,江苏,700
日本进口 冈本003玻尿酸安全套水溶性避孕套超薄0.03透明质酸10只,82.0,广东,300
避孕套持久装防早泄正品旗舰店安全套超薄裸入男用狼牙套柔珠CC,59.0,广东,400
超鸟thickpro避孕套加厚男用安全套官方正品旗舰店男士专用组合装,189.0,广东,100
名流延时避孕套超薄裸入男女士专用持久装防早泄正品旗舰店安全套,19.9,广东,1000
女士专用液体避孕套安全bytt男超薄成人情趣持久延时口交娇正品AK,36.0,上海,200
延时避孕套持久装防早泄安全套大颗粒狼牙男用女士官方正品旗舰店,9.9,浙江,88
倍力乐狼牙套避孕套持久装防早泄男用g点大颗粒安全套异形旗舰店,35.9,上海,600
舒乐美避孕套超薄0.01正品旗舰店安全套套女专用持久装防早泄tt男,4.9,浙江,1000
狼牙棒避孕套持久装防早泄男用变态加粗加长女专用调情成人安全套,9.9,广东,70
杜蕾斯超薄装避孕套男安全套避孕套官方激爽四合一32byt正品,87.9,北京,200
名流避孕套正品旗舰店安全男用持久装防早泄变态g点大颗粒狼牙棒t,10.9,上海,1000
狼牙棒避孕套持久装防早泄男用加长加粗女专用增大粗硬增长安全套,9.9,浙江,80
狼牙棒避孕套持久装防早泄男用加长加粗女专用增大粗硬增长安全套,9.9,浙江,80
避孕套超薄0.01安全套女性男用颗粒持久装情趣tt调情套套tatale套,7.8,浙江,6000
薄爱舒仕小黑裙玻尿酸避孕套100只超薄001水溶免洗正品安全套子,42.8,上海,400
名流之夜水多多玻尿酸避孕套男超薄裸入001旗舰店正品安全套套子,35.0,广东,600
杰士邦超凡安全避孕套持久装防早泄射黄金延时套套男士专用情趣RV,35.0,上海,700
第六感避孕套玻尿酸安全套女士专用调情超薄裸入正品官方旗舰店tt,36.9,江苏,1000
key安全套玻尿酸超薄避孕套延时持久冰火尖叫魔盒男用0.01套套yw,99.0,广东,200
杜蕾斯大号套避孕套56mm超薄安全套加大型男用避用官方旗舰店正品,34.9,上海,700
杜蕾斯避孕套超薄air套套安全套男官方正品tt超薄装避孕套,74.9,北京,200
okamoto冈本003透明质酸润滑避孕套玻尿酸安全套10只装超薄进口,79.0,浙江,800
okamoto冈本001避孕套200%润滑超薄0.01安全套3只装*6盒男用正品,299.0,浙江,300
【热感超薄】杜蕾斯超薄避孕套系列男用安全套润滑热感成人用品,69.0,上海,200
【激薄紧型X】杜蕾斯X超薄避孕套新品男用小号安全套49mm贴合刺激,49.0,上海,400
杰士邦零感超薄裸入001避孕安全套男女士专用官方网旗舰店正品byt,58.0,浙江,600
第六感避孕安全套狼牙大颗粒情趣持久装男女士专用官方正品旗舰店,31.0,浙江,1000
【女士专用】冈本官方旗舰店超薄避孕套玻尿酸安全套裸入byt正品,79.9,安徽,400
冈本旗舰店超薄避孕套0.03套套001润滑安全套5片装男用官方正品,139.9,安徽,700
杜蕾斯避孕套超薄金装润lube+12只*1盒加倍润滑情趣成人安全套,75.9,上海,100
杰士邦避孕套超凡持久颗粒10只装超薄情趣安全套延时防早泄大颗粒,129.9,上海,54
冈本SKIN激薄避孕套贴身超薄男女用情趣男女安全套套10片*1盒,49.0,上海,100
杜蕾斯避孕套亲昵装12只*1盒多量润滑亲密贴合成人情趣用品安全套,55.0,上海,800
冈本0.03TOKYO薄力觉醒东京003超薄避孕安全套裸入套男用10片*1盒,149.0,上海,47
【超级量贩】杰士邦避孕套男女专用正品官网安全套旗舰店超薄裸入,270.0,江苏,15
名流避孕套物理持久装安全套男士专用情趣正品旗舰店安全避y套,59.9,上海,100
名流MO超薄玻尿酸避孕套润滑 滋养加倍男女用003安全套套子情趣,49.0,上海,200
【30只量贩】杰士邦避孕套超薄男用001安全套官方旗舰店正品003tt,319.9,江苏,37
杜蕾斯小号紧型装避孕套学生49mm男用安全套官方正品套紧绷超薄,35.9,山西,51
名流之夜避孕套超薄0.01安全套子100只男用玻尿酸byt正品旗舰店tt,30.0,山西,63
冈本避孕套超薄安全套透薄无感10只装成人情趣用品男用套套正品,66.0,上海,22
日本冈本系列纯避孕套安全套3片装用成人计生情趣持久用具超薄,12.0,上海,23
日本原装进口冈本豹纹超润滑安全套避孕套0.05*12只,53.0,浙江,35
日本OKAMOTO冈本skinless2000超薄润滑紧贴情趣安全套避孕套24个,166.0,浙江,3
杰士邦超薄零感玻尿酸避孕套男用颗粒tt持久官网旗舰店安全套正品,34.9,上海,1000
诺丝避孕套超薄情趣组合26只/组成人用品套套g点狼牙棒刺激安全套,29.9,上海,100
杜蕾斯避孕套超薄尊享三合一金装18只亲密纤薄润滑安全套男用持久,65.0,上海,1
冈本避孕套003超薄白金套套安全套男士专用官方001醉清风旗舰店tt,95.0,上海,300
key安全套玻尿酸超薄延时避孕套冰火尖叫魔盒避孕套持久装裸入套t,99.0,广东,100
小号0.01玻尿酸避孕套男49mm超薄紧绷安全套延时持久装防早泄TTG,63.8,上海,300
杜蕾斯避孕套超薄001男用官方隐形裸入安全套女用旗舰店官网正品,59.0,江苏,600
名流避孕套正品旗舰店安全套舔阴膜爽口套嗨女性专用口娇情趣用品,19.9,广东,10
薄爱玻尿酸避孕套正品旗舰店女士专用超薄裸入官方网安全套100只,29.9,河北,1000
杜蕾斯避孕套持久装延时男用防早泄延迟超薄延长时间女避阴润育套,36.9,上海,500
杜蕾斯3只避孕套三只装大胆爱超薄安全套24盒装酒店宾馆男用,116.0,福建,75
尚牌避孕套超薄0.01卫生安全套正品女性专用男用情趣高潮异形学生,39.0,北京,500
倍力乐延时避孕套物理加厚超厚安全套持久装防早泄男用旗舰店正品,30.9,江苏,1000
名流001玻尿酸避孕套超薄裸入延时男用套子小号byt正品旗舰店安全,39.9,上海,600
杜蕾斯安全套避孕套超薄裸入持久装男女用正品官方旗舰店官网bytt,24.9,广东,800
杰士邦避孕套超薄裸入男持久装防早泄正品官方旗舰安全套计生用品,49.9,广东,300
杰士邦避孕套零感超薄男女士专用官网正品旗舰店安全套神器玻尿酸,40.9,广东,1000
薄爱水晶鞋玻尿酸避孕套超薄001水溶免洗博爱高跟鞋安全套子正品,120.0,上海,100
香蕉计划002避孕套正品超薄男用湿巾安全套情趣套套旗舰店MC,58.0,天津,600
薄爱水晶鞋玻尿酸避孕套108只超薄正品小黑裙水溶性免洗xs,120.0,广东,200
日本进口冈本相模幸福001超薄0.01避孕套002mm极薄安全套sagami,43.5,香港,200
杜蕾斯避孕套零感超薄0.01正品官方男用持久套套旗舰店官网安全套,85.8,浙江,200
杜蕾斯避孕套超薄情趣专用正品旗舰店安全套官方官网男用避用育装,89.9,上海,200
杰士邦延时黄金避孕套持久装防早泄延迟男安全套情趣官网旗舰av,119.0,广东,100
舒仕小黑裙玻尿酸避孕套100只装超薄0.01水溶性免洗夜场安全套,80.0,安徽,400
名流之夜玻尿酸避孕套男女超薄0.01正品批发100只水溶情趣安全byt,50.0,湖南,100
避孕套男用持久装大颗粒狼牙带刺延时套安全防早泄女性专用异形帽,38.0,广东,500
CKE玻尿酸避孕套108只超薄润滑安全套0.01油量大光面避孕套子100,180.0,江西,100
第六感玻尿酸避孕安全套超薄裸入男女士专用调情趣官方正品旗舰店,30.8,江苏,800
名流之夜水多多玻尿酸避孕套大盒100只装超薄水润滑免洗安全套ls,200.0,上海,54
杜蕾斯001超薄避孕套0.01裸入隐形男用安全套正品官网官方旗舰店,69.9,浙江,1000
杜蕾斯避孕套带刺大颗粒凸点螺纹g点狼牙棒情趣安全套官方旗舰店t,27.9,浙江,3000
【超薄量贩】杜蕾斯超薄装组合安全套套避孕套润滑安全套官方正品,65.0,上海,300
【凸点螺纹凉感】杜蕾斯大颗粒装避孕套套情趣冰火两重天安全套,69.0,上海,100
杰士邦零感超薄裸入避孕安全套神器持久男女士专用官方旗舰店正品,59.0,浙江,23
第六感避孕安全套男女士专用超薄裸入玻尿酸持久装正品官方旗舰店,30.9,浙江,1000
【紧型3D】冈本避孕套超薄套套官方旗舰店正品情趣透薄男用安全套,79.0,安徽,300
冈本旗舰店超薄避孕套情趣男用安全超润滑避育套套计生用品10片,36.8,安徽,400
名流MO超薄3合1男用男性玻尿酸润滑避孕套安全套保险套30只*1盒,59.0,上海,900
杰士邦避孕套SKYN极肤非乳胶安全套10只计生用品男女用,79.9,上海,100
冈本超薄001裸入避孕套旗舰店超润滑情趣0.01安全套男女3片*1盒,99.0,上海,200
第六感玻尿酸避孕套安全套超薄正品003情趣润滑套子男用女用30只,39.9,上海,300
赤尾避孕套SHE积雪草6只*1盒玻尿酸润滑超薄成人用品安全套男用,69.0,上海,82
名流MO玻尿酸避孕套颗粒大情趣润滑男女安全套,59.0,上海,100
【零感超薄颗粒】杰士邦避孕套男螺纹大颗粒情趣安全套官网旗舰店,79.9,江苏,100
名流避孕套超薄g点大颗粒螺纹带刺狼牙套安全套男用情趣型保险套,29.9,上海,300
【003玻尿酸限定装】杰士邦零感避孕套安全套官方正品旗舰店男,229.9,江苏,34
冈本001避孕套超薄正品隐形情趣003男用持久装防早泄正品安全套tt,39.9,山西,30
名流避孕套大号安全套56mm超薄55mm加大码60mm男用58开心持久套子,32.9,山西,100
日本冈本质感超薄避孕套安全套3片装成人计生性用品情趣持久正品,12.0,上海,67
日本OKAMOTO冈本002避孕套超薄正品安全套套子L码持久情趣 3个装,35.0,浙江,15
杰士邦避孕套超薄001紧绷型小号紧型成人情趣安全套日本持久正品,59.0,上海,3
日本OKAMOTO冈本002EX避孕套超薄正品持久 基本款6个+黄金贴身6个,107.0,浙江,3
冈本避孕套超薄001超润滑聚氨酯安全套3只正品男女用0.01套套,99.0,上海,1
大象避孕套超薄情趣安全套20只*1盒颗粒加时套套多重刺激高潮不断,84.9,上海,1
杰士邦持久装白金持久延迟避孕套超薄男用官网旗舰店延时套安全套,59.9,上海,400
冈本001避孕套超薄003官方正品旗舰店安全套byt男用tt避润y套0.01,99.0,上海,300
尚牌水公主避孕套玻尿酸超薄001正品旗舰店100只大盒装安全套子男,50.0,上海,300
名流玻尿酸避孕套超薄0.01男水溶性100只装免洗名流之夜超薄正品,100.0,山东,100
大象避孕套超薄001男用高潮情趣玻尿酸官方正品旗舰店安全套,59.0,江苏,500
37.5玻尿酸避孕套男无硅油保险套超薄001安全套子100只装极,45.0,广东,400
名流之夜玻尿酸避孕套超薄100只装隐形安全套子裸入001正品旗舰店,110.0,上海,100
名流之夜玻尿酸避孕套超薄001水溶性润滑正品旗舰店0.01安全套子,50.0,上海,300
杰士邦零感润滑剂液水溶性免洗玻尿酸油计生专用女士避孕套旗舰RM,119.0,上海,100
杜蕾斯001避孕套0.01超薄裸入54mm大号超大56加大60特大58安全000,59.9,广东,100
杰士邦避孕安全套持久装防早泄男女专用狼牙带刺大颗粒正品旗舰店,39.9,上海,900
芳心液体安全套女性专用杀菌隔离HIV防止交叉感染隐形避孕套凝胶,168.0,广东,100
女用液体安全避孕套女士专用膜栓贴凝胶神器调情环帽情趣口娇套lh,168.0,广东,200
大象避孕套女士专用调情趣持久装防早泄超薄神器男旗舰店安全正品,30.0,广东,600
名流避孕套超薄0.01金名流144只装安全套套子油量大夜场批发正品,55.0,广东,200
杜蕾斯001避孕套超薄安全套套男用凸点螺纹男用g点大颗粒情趣持久,36.9,上海,100
冈本0.01小号紧绷型避孕套超薄49mm男用尺寸特小号安全20超紧001,69.0,浙江,300
名流超薄避孕套男0.01学生女高潮大颗粒10只装情趣组合加厚安全套,9.9,山东,7
避孕套正品旗舰店男用安全持久装防早泄变态带刺g点大颗粒狼牙棒t,10.9,上海,1000
冈本001正品延时安全避孕套超薄型0.003官方旗舰店男用避育神器tt,19.9,上海,1000
日本冈本 SKIN超润滑避孕套安全套10片装情趣乳胶润滑超薄男用,29.0,浙江,0
名流之夜玻尿酸避孕套超薄裸入001女士专用正品旗舰店安全套子男,50.0,上海,300
双珠避孕套情趣异形加粗加长男用女士专用调情神器高潮增粗安全套,49.0,江苏,500
名流避孕套持久装防早泄正品旗舰店安全套带刺狼牙大颗粒女士专用,32.9,上海,400
名流之夜玻尿酸避孕套100只装超薄0.01正品水溶润滑免洗安全套子,135.0,上海,3
舒仕小黑裙玻尿酸避孕套破尿酸水溶性超薄0.01安全套子免洗正品ls,42.8,上海,400
杰士邦玻尿酸避孕套零感超薄男用安全套女士专用官方旗舰店正品ts,49.0,广东,300
避孕套超薄0.01芦荟玻尿酸持久装防早泄男女用情趣用品日本安全套,39.9,广东,35
第六感49mm小号避孕套超薄男女士专用玻尿酸紧绷型狼牙安全套套,29.9,浙江,4000
okamoto日本冈本001避孕套超薄0.01安全套3只装男用成人情趣套套,49.0,浙江,1000
【情趣持久体验】杜蕾斯凸点螺纹持久避孕套男用延时安全套套,75.0,上海,100
【新品尝鲜001】杜蕾斯001倍润避孕套男用超薄安全套 旗舰店官方,79.9,上海,200
杰士邦避孕安全套超薄型大号56mm60加大男用尺寸正品官方旗舰店tt,36.0,浙江,1000
杰士邦零感超薄0.01裸入避孕安全套神器男女士专用官方正品旗舰店,139.0,浙江,2
【会员专享】冈本旗舰店避孕套超薄润滑男避育套套003安全套6片,100.0,安徽,200
【热卖】冈本官方旗舰店SKIN超润滑避孕套超薄10片男用情趣安全套,59.0,安徽,500
赤尾玻尿酸避孕套男用超薄大号安全套20只情趣冰火大号套套byt,119.0,上海,37
冈本超薄0.01避孕套裸入情趣001套套安全套旗舰店男女用2片*1盒,69.0,上海,300
冈本002超薄避孕套敏感人群男女用旗舰店情趣0.02安全套套2片*1盒,49.9,上海,100
杰士邦零感超薄避孕套16只 001延时持久防早泄 极薄无感安全套byt,159.9,上海,100
杰士邦零感避孕套003玻尿酸8只安全套ZERO男女士专用旗舰店官网,89.9,上海,100
名流MO倍润玻尿酸润滑超薄byt避孕套男女用套套003安全套子,59.0,上海,100
名流避孕套超薄冰火一体两重天男女用g点带刺狼牙棒情趣型安全套,30.9,上海,200
【超薄尊享五合一】杰士邦避孕套超薄男用官方旗舰店正品女专用,49.9,江苏,100
【ZERO零感超薄】杰士邦避孕套男用官方旗舰店正品女士专用安全套,59.9,江苏,65
杜蕾斯避孕套情趣男用螺纹活力大颗粒安全套女旗舰店官方tt,30.9,山西,31
倍力乐医用手指套les拉拉T女女爆珠避孕套qq套女性专用品扣扣男用,34.8,山西,100
玻尿酸避孕套超薄男用持久情趣安全套成人计生用品36正品润滑白金,49.0,上海,4
杰士邦延时避孕套男性持久20只装安全套情趣超薄情趣正品润滑男用,179.0,上海,0
日本OKAMOTO冈本skinless1500加薄持久情趣绿色安全套避孕套12个,66.0,浙江,8
日本OKAMOTO冈本skinless1500加薄持久情趣绿色安全套避孕套24个,125.0,浙江,1
MO玻尿酸避孕套安全套9只情趣超薄润滑003男用女用成人安全套延时,41.9,上海,45
名流避孕套小号紧绷4合1组合成人情趣用品超薄润滑24只安全套003,18.7,上海,600
杰士邦避孕套黄金持久装男用延迟官方网旗舰店正品延时套安全套tt,49.0,上海,700
冈本官方正品003避孕套001套套安全套旗舰店男女士tt超薄专用byt,35.9,上海,700
名流玻尿酸HA避孕套118只装男超薄水溶免洗安全套子大盒正品,180.0,湖南,44
杜蕾斯超薄避孕套女士专用持久装防早泄情趣安全套正品旗舰店官网,49.0,广东,400
杰士邦延时黄金避孕套持久装防早泄延迟男安全套情趣官网旗舰RV,139.0,上海,100
倍力乐避孕套持久装防早泄延时延迟男用狼牙G点大颗粒正品安全套,39.5,广东,12
尚牌避孕套超薄裸入大油量正品100只装进口安全套子夜场批发多t女,60.0,广东,200
倍力乐医用手指套les拉拉t女士调情专用避孕套女性情趣qq扣扣男用,30.0,江苏,1000
尚牌女王归来避孕套超薄0.01玻尿酸无硅油套子免洗安全套正品原装,200.0,广东,100
金薄爱玻尿酸避孕套001超薄水润118只小黑裙正品旗舰店安全套官方,228.0,上海,100
避孕套男用超薄安全套女性用品高潮专用夫妻情趣大礼包成人自慰器,49.8,安徽,200
避孕套男凸点螺纹3d超大颗粒狼牙棒异形g点带刺避润情趣安全套byt,30.5,上海,500
杜蕾斯特小号超紧避孕套20mm紧绷超薄40紧型持久安全套紧致45男用,29.9,上海,400
Okamoto冈本001安全套超薄避孕套0.01mm极薄非乳胶5只装日本进口L,98.0,福建,100
延时男用早泄避孕套持久装男性防早泄加粗不射专用延迟治疗延长,68.0,上海,300
杜蕾斯超薄避孕套0.01持久装避y男用安全套旗舰店官方100只大盒tt,99.0,广东,100
涩井日本避孕套超薄久持玻尿酸调情趣男用正品官方旗舰店安全套套,98.9,湖南,100
避轻松e5女用液体安全非套女士专用性避孕凝胶膜栓环神器调情趣男,98.0,广东,100
薄爱新贵玻尿酸避孕套118只超薄001正品水溶性免洗油量大安全套子,200.0,广东,79
诺丝避孕套超霸持久装安全套螺纹大颗粒男用延时情趣正品旗舰店,39.9,广东,400
尚牌伊蕾莎玻尿酸避孕套润滑油多超薄正品油量大水溶性免洗安全套,160.0,江苏,73
名流之夜玻尿酸避孕套男用超薄001润滑大油量安全套子正品100只装,50.0,上海,400
37.5超薄型避孕套大号001安全套裸感玻尿酸旗舰店正品55mm男用入,89.0,广东,100
【久紧003】久紧003超薄避孕套正品官方旗舰店安全套男用003套套,129.8,福建,100
杰士邦超薄避孕套夫妻情趣男用持久装防早射安全套异形避y振动棒,35.9,广东,300
赤尾玻尿酸避孕套001超薄安全套男女情趣用品零感套,138.0,广东,200
倍力乐避孕套超薄裸入001男士专用正品旗舰店安全套隐形byt套套女,30.9,河南,1000
杜蕾斯超薄AiR空气避孕套旗舰店官方byt隐薄女士安全套子男用正品,73.9,上海,200
FAMA玻尿酸避孕套超薄001隐形裸入男用正品官方旗舰店安全套套byt,59.0,浙江,1000
第六感玻尿酸安全避孕套女士延时持久装防早泄男用正品旗舰店狼牙,39.9,浙江,2000
【AiR10只】杜蕾斯超薄避孕套男用空气安全套套螺纹情趣官方正品,119.0,上海,100
【经典超薄】杜蕾斯超薄避孕套系列男用安全套润滑热感多款可选,59.0,上海,100
幸福一号避孕安全套持久装防早泄颗粒男女士专用加厚物理延时延迟,59.0,浙江,600
名流避孕套超薄男用安全套女避育润避y大颗粒中号官方旗舰店正品,33.8,广东,800
冈本SKIN超薄避孕套激薄10片旗舰店正品成人润滑情趣用品安全套,49.0,安徽,200
【003小白盒】冈本旗舰店001超薄裸入避孕套男女用安全套官方正品,109.0,安徽,68
杰士邦避孕套黄金持久10只超薄安全套持久装防早泄情趣成人用品,99.9,上海,39
【杜杜最薄001】杜蕾斯避孕套001聚氨酯3只*1盒超薄安全套正品,69.9,上海,300
大象安全套超薄003避孕套8只高潮刺激快感因子玻尿酸润滑滋养呵护,39.9,上海,400
杰士邦避孕套白金持久8只防早延时避孕安全套超薄润滑计生用品,99.9,上海,91
赤尾避孕套USB防脱落6只*1盒玻尿酸润滑成人计生用品超薄安全套男,89.0,上海,47
名流MO玻尿酸避孕套安全套超薄001男女用套byt礼盒tt,179.0,上海,13
名流避孕套超薄小号紧绷安全套49mm玻尿酸情趣型男女用成人用品,59.9,上海,97
名流避孕套男女用持久装防早泄正品旗舰店安全情趣大颗粒狼牙带刺,39.9,山西,100
名流避孕套超薄0.01螺纹大颗粒男用持久b孕套byt安全套子小号学生,30.0,山西,80
杰士邦skyn极肤润避孕套非乳胶超薄安全套官网旗舰店,79.0,江苏,30
【会员特权】杰士邦持久体验组合8只延时安全套男官网避孕套,119.0,江苏,30
涩井日本避孕套持久胶囊润滑7只装安全套保险套情趣计生用品超薄,89.0,上海,4
日本冈本避孕套003黄金超薄2片装男用女用情趣计生成人正品安全套,26.0,上海,13
日本OKAMOTO冈本润滑型避孕套正品安全套标准型号持久情趣 12个,56.0,浙江,3
日本OKAMOTO冈本skinless1000超薄贴合粉色情趣避孕套安全套24个,87.0,浙江,1
冈本SKIN超润滑超薄避孕套加倍润滑贴身进口情趣安全套套10片*1盒,21.9,上海,100
第六感避孕套凸点螺纹12只超薄避孕套安全套情趣成人用品计生用品,15.9,上海,26
杰士邦情趣超凡3d大颗粒延时套套避孕套持久装男用安全套官方正品,79.9,上海,200
名流MO玻尿酸水溶避孕套超薄男避育润001安全套正品旗舰店官方byt,39.0,上海,900
爱善天使俏妃优感觉套套玻尿酸超薄型安全避孕新日期无硅油23只装,175.0,江西,68
003玻尿酸超薄避孕套大盒100只装水溶性免洗夜场水润男诗诺安全套,80.0,广东,100
杜蕾斯避孕套超薄001air空气安全套官方正品情趣套套男用超薄装,47.9,北京,400
【超薄玻尿酸】杰士邦零感避孕套001安全套官方正品旗舰店男用ZC,39.0,广东,300
舒乐美小鸟玻尿酸避孕套100只装大盒正品超薄001水溶性安全套子ls,65.0,上海,300
001超薄隐形玻尿酸避孕套零感男用持久装防早泄裸入安全女士专用,19.9,广东,100
日本冈本相模sagami幸福001超薄避孕套0.01mm极薄安全套,38.0,广东,200
杰士邦黄金持久装防早泄避孕套男用特小号49mm超紧绷型20安全套XL,49.0,江苏,400
杜蕾斯避孕套超薄裸入001官方正品旗舰店零感男用情趣安全套隐形,108.0,江苏,43
名流之夜玻尿酸避孕套男超薄正品旗舰店油量大安全套子100只批发,30.0,广东,600
大象避孕套女士专用调情趣男持久装防早泄超薄神器旗舰店安全正品,30.0,广东,300
尚牌女王归来玻尿酸避孕套超薄0.01水溶性免洗正品旗舰店安全套子,218.0,上海,99
杜蕾斯49mm避孕套超薄0.01超紧特小号迷你紧绷情趣安全套男用,74.9,上海,100
医用超声探头套爱丽丝B超隔离保护套妇科检查避孕套灭菌100只装盒,42.0,广东,90
名流避孕套小号超紧特小号20mm男用持久安全套高潮官方正品旗舰店,33.9,广东,600
名流玻尿酸避孕套100只天使小叶安全套子超薄0.01水溶性免洗批发,225.0,广东,39
VCF女用液体安全套避孕膜女性专用凝胶口娇成人情趣用品神器贴帽,218.0,美国,60
日本原装进口 幸福0.02mm 相模002避孕套sagami 超薄安全套20只装,138.0,浙江,100
杜蕾斯避孕套air空气套超薄润滑安全套润滑成人男用官方正品,109.9,北京,300
爱丽丝避孕套超薄正品400只装光面大油成人用品旗舰店安全套子,100.0,广东,100
杜蕾斯持久装男性用避孕套延长时间延迟抽插女高潮延时安全套震动,69.9,江苏,200
杰士邦避孕套持久装防早泄安全套延时男用情趣白金官方旗舰店正品,59.0,上海,300
正品名流之夜避孕套100只装超薄大油量计生男用安全套光面超滑byt,39.9,江苏,5
薄爱水晶鞋玻尿酸避孕套博爱正品超薄0.01玻料酸高跟鞋安全套子ls,120.0,上海,100
杜蕾斯避孕套超薄0.01男用情趣安全套套旗舰店官方正品持久装byt,39.9,广东,800
正品名流之夜避孕套100只装超薄大油量计生男用安全套光面超滑byt,39.9,江苏,5
杜蕾斯避孕套持久装防早泄男用官方正品旗舰店安全套官网超薄裸入,34.9,浙江,4000
杰士邦零感超薄玻尿酸避孕套男女士专用安全套正品旗舰店官方套套,59.0,浙江,1000
【超薄持久体验】杜蕾斯超薄持久装避孕套安全套套男用,75.0,上海,100
【活力量贩】杜蕾斯活力装避孕套男用安全套量贩装官方正品润滑,46.8,上海,300
冈本003避孕超薄润滑裸入001情趣男女士专用官方正品旗舰店安全套,96.0,浙江,16
冈本001避孕安全套超薄裸入隐形003男女士专用官方正品旗舰店持久,109.0,浙江,600
冈本0.03粉金旗舰店避孕套超薄套情趣成人性用品避育套安全003byt,113.9,安徽,200
冈本避孕套超薄透薄裸入男女专用套套官方零感安全套50片,389.0,安徽,18
赤尾USB避孕套12只玻尿酸超薄安全套防滑防脱落男用计生用品byt,188.0,上海,6
杜蕾斯避孕套AiR润薄空气套10只*1盒柔软超薄润滑贴合成人安全套,129.0,上海,50
杜蕾斯持久避孕套情趣延时6只*1盒凸点螺纹降敏安全套原装进口,74.9,上海,100
冈本情趣冰粒粒颗粒避孕套正品男用超薄裸入安全套套10片*1盒,59.0,上海,100
第六感避孕套001超润薄6只安全套男女士专用超薄正品官方旗舰官网,56.9,上海,44
名流超薄避孕套裸入男女用玻尿酸安全套情趣限定礼盒byt,159.0,上海,11
名流避孕套超薄情趣型G点大颗粒螺纹男用女用带刺狼牙套安全套,39.9,上海,100
冈本001避孕套超薄0.01罔本情趣日本安全套正品旗舰店官方tt男用,69.0,山西,37
冈本大颗粒避孕套男用持久装安全套g点狼牙套情趣t官方正品旗舰店,30.9,山西,48
【会员特权】杰士邦skyn极肤肤感润防过敏非乳胶超薄避孕套男女用,119.0,江苏,24
杰士邦skyn极肤柔避孕套非乳胶超薄安全套官网旗舰店,89.0,江苏,15
日本冈本超薄避孕套安全套10片男女套套成人计生性情趣延时装润滑,35.0,上海,20
Durex杜蕾斯避孕套超小号持久安全套成人情趣紧型装8*2润滑胶乳,69.0,上海,1
日本OKAMOTO冈本skinless1000超薄贴合粉色情趣避孕套安全套12个,56.0,浙江,2
日本OKAMOTO冈本润滑型避孕套正品安全套标准型号持久情趣 6个,33.0,浙江,2
杜蕾斯避孕套大号装12只超薄润滑大尺寸56mm安全套情趣成人用品,49.0,上海,5
杜蕾斯避孕套经典四合一24只超薄润滑安全套情趣成人男用加倍润滑,49.0,上海,6
杜蕾斯001避孕套超薄装0.01官方旗舰店官网情趣安全套裸入醉清风,68.9,上海,400
赤尾铂金玻尿酸避孕套超薄专用001安全套男用女士旗舰店官方正品,79.9,上海,1000
薄爱水晶鞋玻尿酸避孕套博爱正品超薄0.01玻料酸高跟鞋安全套子ls,120.0,上海,100
杜蕾斯避孕套超薄0.01男用情趣安全套套旗舰店官方正品持久装byt,39.9,广东,800
薄爱水晶鞋玻尿酸避孕套108只超薄正品水溶性免洗安全套子小黑裙,120.0,广东,100
赤尾旗舰店超薄大号安全套玻尿酸避孕套男女情趣成人计生用品套套,109.0,广东,100
名流避孕套100只装正品玻尿酸安全套男用女用超薄0.01水溶性免洗,100.0,上海,29
多乐士破尿酸避孕套狼牙带刺大颗粒 003超薄安全套套情趣持久包邮,26.8,广东,29
杜蕾斯love装3只避孕套大胆爱超薄正品安全套100只装酒店宾馆批发,29.0,广东,26
冈本003超薄裸入避孕套男女性专用延时情趣隐形安全001套套旗舰店,49.9,广东,2000
倍力乐颗粒手指套les指套女性专用调情趣指交扣扣男避孕套抠抠套,19.9,河北,30
避孕套男士专用时延持久装超薄裸入玻尿酸旗舰店官方正品安全套套,89.9,湖南,100
杜蕾斯超薄避孕套夫妻情趣性用品高潮刺激带刺大颗粒狼牙棒安全套,31.9,江苏,500
杜蕾斯避孕套持久装男螺纹大颗粒情趣官方安全套旗舰狼牙带刺g点,129.0,广东,100
杜蕾斯避孕套安全套持久装狼牙情趣g点大颗粒官方正品旗舰店t,35.9,江苏,73
名流水多多玻尿酸避孕套100只安全套子超薄润滑免洗水溶性批发001,204.0,广东,44
名流避孕套螺纹大颗粒男用超薄异形情趣狼牙安全套子byt送赠品女,30.9,山西,400
倍力乐螺纹大颗粒狼牙避孕套情趣异形安全套套带刺男用byt性用品,14.9,河北,16
杜蕾斯超薄避孕套夫妻情趣性用品高潮刺激带刺大颗粒狼牙棒安全套,31.9,江苏,500
杜蕾斯避孕套持久装男螺纹大颗粒情趣官方安全套旗舰狼牙带刺g点,129.0,广东,100
杜蕾斯避孕套安全套持久装狼牙情趣g点大颗粒官方正品旗舰店t,35.9,江苏,73
名流水多多玻尿酸避孕套100只安全套子超薄润滑免洗水溶性批发001,204.0,广东,44
名流避孕套螺纹大颗粒男用超薄异形情趣狼牙安全套子byt送赠品女,30.9,山西,400
倍力乐螺纹大颗粒狼牙避孕套情趣异形安全套套带刺男用byt性用品,14.9,河北,16
倍力乐调情手指套les情趣避孕套qq套女性专用G点扣扣男用品激情性,33.0,上海,900
ELASUN尚牌001玻尿酸避孕套118只装超薄光面水溶性安全套芦荟润滑,160.0,广东,44
名流001玻尿酸避孕套金名流美人鱼超薄安全套118只油量大原装正品,200.0,江西,89
尚牌HA伊蕾莎玻尿酸避孕套超薄正品100只盒装水溶性免洗安全套子,160.0,广东,100
日本sagami相模001避孕套超薄0.01mm安全套5只装零感男用套套进口,75.0,浙江,900
okamoto冈本001避孕套润滑超薄0.01安全套3只装男用套套计生用品,52.0,浙江,700
【挚爱舒适】杜蕾斯挚爱装避孕套男女用安全套套官方旗舰店正品,39.9,上海,100
【情趣持久尝鲜】杜蕾斯凸点螺纹延时避孕套男用大颗粒情趣安全套,42.0,上海,200
第六感G点螺纹避孕套持久装神器情趣男女士专用正品旗舰店安全套t,19.9,浙江,1000
赤尾5合1超薄避孕套男用安全套玻尿酸润滑套套30只组合bytt,29.9,广东,500
冈本无感透薄避孕套旗舰店超薄安全套成人男女情趣避育套套byt,95.9,安徽,200
【限定-数字玩家盒】冈本避孕套男用超薄001安全套套官方正品,300.0,安徽,36
避孕套超薄001芦荟无味道非乳胶24只安全套情趣女士专用成人裸入,399.0,上海,14
诺丝避孕套罐装玻尿酸8只/罐 003超薄套套成人情趣用品安全套byt,120.0,上海,100
第六感玻尿酸避孕套安全套10只超薄003情趣润滑套子女用用品,39.9,上海,3000
避孕套超薄6只001润滑+体温款非乳胶不过敏安全套男士用裸入情趣,109.0,上海,47
避孕套超薄001芦荟非乳胶安全套情趣男用12只呵护女士专用不致敏,199.0,上海,61
名流避孕套旺旺超薄男女用玻尿酸润滑安全套油量大正品旗舰店批发,129.0,上海,24
名流避孕套超薄玻尿酸润滑安全套003男女用水多多成人保险套子byt,49.9,上海,100
杜蕾斯超薄避孕套3只装男用延时100只装正品酒店宾馆批发安全套,165.0,山西,3
名流避孕套男安全套持久装螺纹大颗粒口娇女性专用调情超薄,39.9,山西,46
四维空间避孕套持久装防早泄延时迟安全套男用正品官方旗舰店神器,139.0,上海,2
Durex杜蕾斯避孕套超小号持久安全套情趣紧型装12只*2延时润滑,88.0,上海,1
冈本SKIN超薄避孕套情趣安全套套旅行装计生用品男女用14片*1套,26.9,上海,4
大象安全套避孕套2只装超薄003成人用品男女高潮套套保险套玻尿酸,9.9,上海,100
赤尾铂金玻尿酸避孕套超薄专用001安全套男用女士旗舰店官方正品,79.9,上海,1000
第六感避孕套持久装防早泄锁精环男士专用正品旗舰店延时安全套套,39.9,上海,400
诺丝避孕套超薄裸入男用水果味草莓口味香味型带正品旗舰店安全套,35.0,上海,500
尚牌避孕套正品旗舰店安全套超薄裸入隐形男士专用官方0.03帽bytt,69.9,广东,200
尚牌HA伊蕾莎玻尿酸避孕套超薄0.01男女专用正品官方旗舰店安全套,160.0,上海,90
名流天使小叶玻尿酸避孕套超薄0.01水润免洗安全套子100只装批发t,230.0,湖北,43
爱善天使俏妃优感觉套套玻尿酸超薄型安全避孕激情无硅油小盒11只,85.0,安徽,200
杜蕾斯避孕套小号男特紧绷型装超薄持久情趣正品安全套49mm旗舰店,35.0,上海,400
狼牙避孕套加长套加粗加厚男用持久装情趣女异形专用安全非防早泄,30.9,上海,500
舒仕小黑裙玻尿酸避孕套100只装薄爱安全套子超薄油量大免洗正品,80.0,广东,200
尚牌女王归来玻尿酸避孕套超薄001裸入0.01安全套套子正品旗舰店,200.0,上海,60
日本原装sagami0.01冈本幸福相模001超薄002聚氨酯无色无味避孕套,46.8,北京,200
杰士邦黄金避孕套持久装防早泄男用延时正品旗舰店延迟安全套神器,39.9,广东,400
狼牙棒避孕套男用持久装防早泄男性情趣正品旗舰店安全套官方神器,69.0,广东,200
正品香蕉计划避孕套002旗舰店安全套男士专用情趣套子byt湿巾0.01,58.0,上海,100
狼牙避孕安全套持久装防早泄避孕帽避阴套男和情趣带刺大颗粒bytt,19.9,广东,600
金名流美人鱼玻尿酸超薄避孕套118只名流润滑安全套原装正品套子,200.0,江西,67
女用液体避孕套膜栓环女性专用口娇调情外用凝胶杀精旗舰店安全套,168.0,北京,200
杰士邦001超薄避孕套持久装防早泄正品旗舰店安全套零感裸入男用,59.9,广东,1000
女用液体安全套避孕套女性专用无套膜栓环贴凝胶神器口娇情趣用品,173.0,浙江,49
第六感情趣避孕套男用超薄裸入安全套持久装防早泄官方正品旗舰店,35.9,上海,400
爱晴朗安全避孕套超薄0.01男用螺纹大颗粒情趣tt持久延时女用套套,4.9,浙江,7000
名流之夜水多多玻尿酸避孕套大盒100只装超薄正品免洗润滑安全套,35.0,上海,200
【持久LOVE】久紧情趣超值避孕套防早泄男女用安全套套官方店正品,48.8,福建,300
名流安全套避孕套装男用情趣异形狼牙带刺性兽带震动凸点螺纹,39.9,广东,2000
名流之夜避孕套100只装超薄001男女用玻尿酸油量大安全套子批发,14.8,上海,700
尚牌003避孕套超薄隐形裸入001男女士专用调情官方正品旗舰店安全,59.9,广东,100
名流旺旺玻尿酸避孕套超薄0.01正品100只旗舰店水润安全套套男ls,80.0,上海,100
名流之夜水多多玻尿酸避孕套男用超薄裸入001正品旗舰店安全批发,35.0,上海,1000
杰士邦玻尿酸避孕套超薄男士专用女零感裸入正品官方旗舰店安全套,35.9,浙江,63
名流旺旺玻尿酸避孕套90只装红色财神超薄油量大安全套100支2送一,34.0,上海,100
加厚延时避孕套安全套LELO Hex避孕套加大男用套延时安全套持久装,129.0,荷兰,28
涩井避孕套003胶囊超薄安全套男用延时套玻尿酸润滑夫妻计生用品,99.0,浙江,900
杜蕾斯小号避孕套超薄紧型装紧绷男用安全套49mm女正品官方旗舰店,36.0,浙江,1000
【最薄AIR尝鲜】杜蕾斯空气套热薄润薄情趣3只装超薄避孕套安全套,45.0,上海,200
【经典持久体验】杜蕾斯持久避孕套安全套套男用情趣超薄旗舰正品,69.0,上海,51
倍力乐 医用手指套les拉拉G点情趣避孕套qq套男女性专用扣扣指套,35.0,广东,1000
【阿里健康自营】SKYN极肤肤感润天然胶乳橡胶避孕套,129.0,浙江,4
冈本官方旗舰店避孕套冰感透薄系列正品套套10片装男用情趣安全套,79.9,安徽,100
【限定礼盒】冈本超薄避孕套003经典礼盒全系58片安全套套,799.0,安徽,4
避孕套超薄001芦荟非乳胶安全套情趣男用12只呵护女士专用不致敏,199.0,上海,61
避孕套热感超薄001体温款非乳胶安全套套12只情趣男用还原体温感,199.0,上海,50
第六感超薄避孕套情趣六合一润滑安全套大颗粒男24只男女用,49.9,上海,500
第六感避孕套玻尿酸润薄三合一24只超薄安全套保险套颗粒正品,69.9,上海,100
名流MO玻尿酸避孕套 超薄0.01正品官方旗舰店男用安全套,39.9,上海,1000
杜蕾斯避孕套AiR空气快感三合一16只*2盒空气套超薄润滑情趣成人,199.0,上海,26
名流同志专用避孕套gay润滑情趣型男男加厚安全套后庭成人用品,32.9,上海,60
杜蕾斯超薄001避孕套Air男用延时持久装防早泄凸点螺纹情趣安全套,85.9,山西,10
名流MO玻尿酸避孕套小号紧致贴合49mm男女用情趣安全套正品旗舰店,39.9,山西,45
避孕套超薄持久安全套男用延时情趣套防早射成人计生用品正品套套,36.0,上海,4
诺丝避孕套003超薄无感6只装*2盒情趣用品成人润滑螺纹安全套男用,59.0,上海,2
冈本SKIN纯超薄避孕套贴身敏感人群女进口情趣安全套套3片*1盒,9.9,上海,100
大象安全套情趣舒适套装15只大颗粒K纹螺纹刺激舒适亲肤裸感滋润,34.9,上海,23
冈本避孕套001礼盒男用官方超薄醉清风旗舰店tt女士专用安全套byt,60.0,上海,100
冈本001避孕套54mm大号65超薄型56安全套55加大60超大58正品男用,59.9,上海,100
杰士邦玻尿酸润滑剂液油水溶性免洗情趣用品女士专用调情避孕套RM,69.0,上海,200
延时避孕套男士专用调情持久装非防早泄狼牙棒带刺大颗粒g点情趣t,30.0,上海,500
名流之夜002玻尿酸避孕套超薄水溶性免洗正品安全套男夜场套子ls,32.0,上海,200
SLM舒乐美001玻尿酸避孕套128只装超薄光面小号水溶性安全套正品,200.0,广东,39
尚牌夜场大油量玻尿酸避孕套超薄正品0.01原装100只装安全套批发,160.0,广东,100
大象001避孕套正品超薄旗舰店安全套延时裸入男女士调情专用神器,30.0,广东,400
避孕套物理延时套持久装防早泄超幸福一号男用鸟超厚加厚型安全套,18.9,广东,300
日本进口冈本003芦荟+003玻尿酸透明质酸超薄安全套避孕套组合001,148.7,上海,89
杜蕾斯入珠加厚避孕套男加粗加长龟头套异形狼牙套情趣用品高潮tt,39.0,广东,500
杜蕾斯持久避孕套延时超薄安全套男避孕套官方正品byt,31.9,北京,200
避孕套男螺纹超大颗粒3d狼牙棒超薄隐形g点带刺鸟调情趣安全套byt,30.5,上海,400
薄爱舒仕小黑裙玻尿酸避孕套100只装超薄免洗安全套子正品免洗ls,80.0,上海,100
日本相模002大号避孕套 SAGAMI大码超薄加大号安全套超大L码60mm,75.0,北京,100
杜蕾斯避孕套小号紧型装紧绷男用安全套专用49mm旗舰店官方正品tt,32.9,上海,300
倍力乐避孕安全套狼牙带刺大颗粒持久装防早泄男女士专用调情趣套,30.0,广东,300
涩井玻尿酸避孕套超薄不射安全套套男用情趣官方正品,79.9,广东,100
杜蕾斯避孕套超薄001空气安全套官方正品情趣套套女士专用超薄装,31.9,北京,500
水多多名流之夜玻尿酸避孕套男避y套超薄0.01安全套100只装b孕套,68.0,上海,100
名流避孕套正品旗舰店安全超薄001裸入隐形男用螺纹大颗粒byt套套,30.9,广东,10
【屈臣氏】001日本sagami相模超薄避孕套5片进口0.01男女情趣byt,149.0,江苏,25
杜蕾斯避孕套超薄润滑型安全套正品tt中号男用光面螺纹001女用BYT,49.9,湖北,300
大象女生高潮避孕套女士专用调情加长正品旗舰店安全持久装防早泄,29.9,北京,300
名流之夜玻尿酸避孕套超薄001正品天使小叶100只大盒装安全套套子,100.0,上海,100
名流避孕安全套正品旗舰店男女士零感专用持久装防早情趣调情泄tt,35.9,上海,200
尚牌好运连连玻尿酸避孕套100只装超薄光面透明质酸安全套子正品,138.0,广东,77
水多多名流之夜玻尿酸避孕套男超薄0.01安全套正品旗舰店安全性兽,68.0,上海,100
薄爱新贵玻尿酸避孕套无味超薄0.01正品118只水溶性免洗安全套byt,200.0,湖北,53
名流避孕套紧绷特小号45mm超薄超紧g点安全套成人情趣夫妻用品QD,8.8,浙江,1000
避孕套持久装防早泄安全狼牙棒环大颗粒女性专用神器用男士女士FC,30.0,湖南,800
名流黑金ha超薄玻尿酸001避孕套118只油量大水润滑安全套原装套子,208.0,江西,60
okamoto冈本003透明质酸超薄男用持久安全套避孕套10只装*3盒加大,219.0,浙江,300
情趣带刺狼牙安全避孕套超薄延时持久装防早泄男女士专用调情神器,68.0,浙江,1000
【杜蕾斯避孕套大胆爱组合12只】男用安全套套超薄润滑旗舰正品,40.6,上海,7
【杜蕾斯活力组合13/30只】避孕套男用安全套套润滑官方正品保证,35.9,上海,33
杰士邦零感避孕安全套超薄裸入情趣持久男女士神器官方正品旗舰店,39.0,浙江,800
杰士邦skyn极肤避孕安全套非乳胶零感超薄裸入男女皮肤正品旗舰店,47.9,浙江,300
冈本官方旗舰店避孕套超润滑透薄系列套套10片装男用持久正品byt,74.9,安徽,100
【便携MINI四合一】冈本旗舰店0.03避孕套超薄003男用套套男成人,79.9,安徽,200
第六感避孕套超薄持久延时防早泄安全套计生用品男士专用官方正品,59.9,上海,100
名流避孕套超薄002丝滑透薄30只情趣男用女用女性安全套普通型,41.9,上海,700
避孕套超薄润滑款001非乳胶安全套套6只装情趣男士用裸入官方正品,109.0,上海,42
第六感避孕套超薄冰火颗粒12只安全套男用带刺情趣夫妻计生用品,19.9,上海,10000
赤尾避孕套冰感+G点狂欢20只组合装超薄安全套玻尿酸成人用品套套,79.0,上海,44
倍力乐黑金刚避孕套超薄带刺狼牙安全套套男女情趣计生性用品学生,32.9,山西,44
名流避孕套超薄小号49mm紧绷型安全套颗粒带刺情趣套套成人性用品,31.9,上海,100
杜蕾斯魔法装避孕套凸点螺纹冰火大颗粒男G点情趣异形正品安全套,53.9,山西,20
名流MO玻尿酸润薄套套byt 避孕套女士专用003旗舰店正品安全套tt,59.0,上海,32
日本冈本避孕套003超润滑3片装润滑液成人性用品套情趣正品安全套,42.0,上海,3
日本冈本透薄系列超润滑超薄紧冰感避孕套安全套情趣成人byt正品,15.0,上海,5
名流避孕套薄如羽翼12只紧绷持久超薄液体润滑成人情趣用品保险套,17.9,上海,44
避孕套超薄001超水润滑款非乳胶安全套3只情趣男用裸入官方正品,19.9,上海,73
避孕安全套狼牙带刺大颗粒男女士专用调情趣用品加长持久装防早泄,30.9,广东,400
VCF避孕薄膜避孕套计生用品液体避孕丝然凝胶情趣大人润滑女美国,190.0,香港,20
第六感49mm特小号避孕套紧型超薄紧绷男用安全套正品官方旗舰店20,35.9,江苏,300
杰士邦避孕套超薄家庭装组合持久装男女用情趣安全套旗舰店官方XL,59.0,江苏,100
第六感避孕套男用超薄隐形女士专用调情官方旗舰店正品安全套零感,19.9,上海,600
威尔乐双入珠避孕套情趣加粗加长厚男女士专用调情神器狼牙安全套,39.0,江苏,17
杜蕾斯避孕套小号紧绷超薄安全套专用紧型男用49mm旗舰店官方正品,38.9,上海,300
超薄0.01玻尿酸避孕套男用延时持久装性狼牙兽旗舰店正品安全套SS,30.0,上海,400
杜蕾斯小号避孕套超薄男用小号49mm安全套紧型29小号套,30.9,上海,300
杰士邦避孕套男用螺纹大颗粒狼牙带刺震动安全情趣异形加长加粗增,59.9,广东,200
大象玻尿酸避孕套高潮女士专用持久装防早泄安全套正品旗舰店官方,30.0,广东,300
杜蕾斯持久装男性用避孕套延长时间不射抽插女高潮延时安全套震动,89.0,上海,100
37.5避孕套小号紧绷超薄裸入官方正品聚氨酯001紧致型安全套男用,199.0,广东,41
DB玻尿酸避孕套超薄裸入002男用持久女高潮情趣液体001安全套用品,79.9,广东,60
001超薄隐形玻尿酸避孕套零感男女士专用持久装裸入安全t非防早泄,19.0,广东,97
冈本001避孕套男0.01正品超薄b孕安全感薄型套套罔本旗舰店003byt,39.0,江苏,300
大象003超薄玻尿酸避孕套裸入高潮女生专用安全套正品官方旗舰店,49.0,上海,300
日本本土版冈本002透明安全套中号大号无色超薄无味避孕套12只装,75.0,浙江,100
延时套避孕套持久装男用全自动抽插防早泄学生超薄0.01情趣安全套,99.0,江苏,66
正品避孕套男用安全套女用调情趣用品送丝袜内衣跳蛋震动棒大礼包,39.8,安徽,100
杜蕾斯避孕套紧型超薄装小号49mm安全套45女男用特小29紧绷46,36.9,上海,52
薄爱新贵玻尿酸118只装避孕套超薄001安全套水溶免洗原装正品套子,200.0,江西,62
SIKI私激玻尿酸避孕套超薄003顺滑男用安全套计生多小盒装中号tt,29.8,浙江,200
杰士邦延时避孕套安全套持久装防早泄早射男黄金正品旗舰店安全tt,39.9,广东,600
延迟男用品持久装早泄避孕套防早泄脱敏训练不射性保健延时情趣器,99.0,河北,100
名流玻尿酸避孕套小号49mm男用安全套超薄裸入水多润育学生紧绷套,32.0,浙江,700
倍力乐加厚安全避孕套持久装物理延时超厚男用情趣官方正品旗舰店,30.9,江苏,700
杜蕾斯超薄避孕套100只装正品男用安全套避y套计生用品官方旗舰店,59.9,山西,100
SIKI私激金国潮大盒玻尿酸避孕套超薄TT润滑男安全套变径003tt,74.9,浙江,300
口娇套超薄避孕套女士专用私处高潮调情趣工具男用舔阴膜舌口交套,19.9,安徽,900
杜蕾斯魔法装避孕套凸点螺纹大颗粒冰火男G点情趣异形安全套狼牙,59.9,广东,100
名流小鸟玻尿酸超薄避孕套油量大润滑法马安全套情趣原装套子0.01,150.0,江西,71
冈本0.03超润滑超薄套套子避孕套003安全套001男用旗舰店官方正品,69.0,浙江,700
杜蕾斯避孕套持久装防早泄延时男用延迟安全套官方旗舰店官网正品,32.9,浙江,2000
冈本001超薄0.01裸入隐形避孕安全套男女士专用官方正品旗舰店byt,188.0,浙江,9
杰士邦003玻尿酸零感超薄避孕套进口安全套男女性用品官网正品byt,59.0,浙江,8
冈本003避孕套超薄安全套官方旗舰店正品男用超润滑套套byt,89.0,安徽,99
冈本旗舰店超薄透薄避孕套23片装男用套套情趣超润滑安全套byt,112.9,安徽,68
诺丝避孕套激薄装16只/盒超薄润滑成人用品性用品安全套byt情趣,55.0,上海,200
杰士邦避孕套黄金持久紧型10只装超薄情趣安全套持久装防早泄男用,109.9,上海,21
名流避孕套00薄30只装超薄玻尿酸安全套保险套成人情趣润滑003,75.0,上海,100
赤尾玻尿酸避孕套铂金冰感0.01超薄安全套男用计生用品12只情趣套,129.0,上海,24
避孕套超薄001超水润滑不过敏18只非乳胶安全套情趣男用官方正品,229.0,上海,17
名流玻尿酸安全避孕套子超薄0.01男用避y小号避育极避用带震动环,32.9,山西,26
名流MO玻尿酸水溶避孕套超薄男避育润001安全套正品旗舰店官方byt,39.0,山西,20
名流避孕套G点大颗粒超薄安全套男用女用冰火套套带刺狼牙套情趣,30.9,上海,100
水流成河名流避孕套滋养多超薄玻尿酸润滑安全套男女用情趣,39.9,上海,45
日本进口冈本避孕套安全套冰感透薄 10片装 成人情趣无感持久超薄,55.0,上海,1
日本冈本质感超薄避孕套安全套10片成人计生用品情趣润滑正品套套,36.0,上海,21
第六感避孕套带刺狼牙套情趣颗粒12只安全套男用计生保险套byt,19.9,上海,23
情趣冈本颗粒超润滑超薄避孕套情趣安全套套进口冰粒粒3片*1盒,19.9,上海,2
大象动感G点3D大颗粒情趣避孕套狼牙带刺凸点螺纹男用持久安全套,36.0,上海,400
杜蕾斯避孕套草莓水果味口娇女性专用口用安全套口交爽口套旗舰店,44.9,上海,400
清早玻尿酸避孕套超薄免洗润滑118只0.01安全套油量大夜场套子100,130.0,江西,77
杜蕾斯避孕套男用女士超薄裸入旗舰店官方正品安全套专用官网bytt,30.0,上海,300
名流001玻尿酸避孕套超薄0.01水润118只正品旗舰店安全套子极薄型,218.0,上海,62
中国双一避孕套五福情趣国潮风安全套超薄润滑延时持久正品男用tt,18.0,广东,200
第六感超薄避孕套正品旗舰店男用神器女性专用口娇调情趣安全套tt,32.9,安徽,200
名流之夜超薄油量大避孕套100只装批发套子男女用0.01正品安全套,35.0,山东,100
杜蕾斯安全套避孕套情趣创意送男友实用情人七夕节生日礼物礼盒装,119.0,上海,60
杜蕾斯避孕套草莓水果味口娇女性口用安全套口交爽口套旗舰店口爱,36.5,浙江,300
涩井日本001玻尿酸避孕套持久男超薄液体旗舰店安全套避育套正品,128.0,湖南,41
名流玻尿酸避孕套超薄0.01男用女专用安全套小号正品旗舰店神器by,30.0,上海,900
菲罗尼亚Feronia避孕套超薄0.01裸入男用官方旗舰店001安全套byt,65.0,广东,200
狼牙棒安全避孕套男用加厚震动持久装男女士专用加长加粗调情用品,59.9,上海,97
倍力乐女用液体安全套避孕套超薄裸入女士专用隐形女性子宫帽神器,59.0,广东,100
玻尿酸避孕套正品超薄型旗舰店男安全套0.01官方正品001超水润MC,109.9,天津,400
没完没了延时避孕套持久装安全套超薄男用狼牙套情趣螺纹大颗粒女,24.0,江苏,87
名流超薄HA玻尿酸避孕套油量大润滑0.01安全套情趣原装正品男用套,200.0,江西,68
延时避孕套持久装安全套男用情趣女超薄裸入专用神器调情非防早泄,39.0,上海,300
ELASUN尚牌小熊猫水水哒玻尿酸避孕套超薄光面小号防脱落安全套子,128.0,广东,41
名流避孕套男用神器狼牙安全套情趣套超薄持久装女士正品旗舰店tt,35.0,上海,300
FAMA避孕套特小号玻尿酸安全套颗粒男用紧绷超薄防脱落光面型45mm,49.0,湖北,400
避孕套狼牙棒安全套套情趣男用品加厚正品持久装女士专用调情加长,33.9,上海,300
DONLESS多乐士梦幻避孕套超薄颗粒安全套螺纹 马来西亚生产套包邮,138.0,广东,15
初感避孕套超薄001持久装防早泄官方正品旗舰店男士专用安全套HT,35.0,广东,200
名流玻尿酸避孕套男用100只装超薄水润免洗官方正品安全套子批发,225.0,上海,41
初感 玻尿酸安全套001持久装防早泄男用旗舰店0.01超薄正品避孕套,78.0,广东,100
大象避孕套高潮女士专用调情男超薄隐形官方正品旗舰店安全套套t,30.0,广东,300
杜蕾斯避孕套套超薄0.01安全套感情趣男用旗舰店官方正品bytt,35.0,上海,200
杜蕾斯3只24小盒装避孕套大胆爱吧润滑LOVE安全套三只装成人用品,116.0,广东,35
名流之夜玻尿酸避孕套男超薄裸入001正品100只旗舰店免洗安全套子,50.0,广东,100
大象避孕套超薄0.01男用高潮女生极003安全套子螺纹大颗粒b孕套tt,59.0,江苏,100
日本sagami0.01mm幸福相模001冈本超薄情趣男用非乳胶避孕套5只装,35.0,北京,200
舒乐美玻尿酸超薄001免洗避孕套100只装芦荟大油量安全套子男计生,80.0,江苏,100
杜蕾斯避孕套超薄001安全套女士男用专用官方旗舰店官网正品byt阴,66.9,浙江,1000
杜蕾斯001超薄避孕套男用0.01裸入隐形安全套情趣正品官方旗舰店,228.0,浙江,200
杰士邦避孕安全套延时持久装防早泄男用G点大颗粒官方正品旗舰店t,69.9,浙江,100
避孕套男用持久装安全套防早泄超薄裸入男士早射专用正品旗舰店,89.0,广东,100
【热卖】冈本官方旗舰店避孕套001超薄男用持久5片装byt安全套套,99.0,安徽,58
冈本官方旗舰店避孕套无感透薄套套10片装男用持久超润滑安全套,69.9,安徽,100
大象避孕套超薄001聚氨酯安全套6只*1盒套套裸感裸入0.01mm无形薄,79.9,上海,71
避孕套001体温热感超薄非乳胶安全套3只男用持久装防早泄还原体温,59.0,上海,200
涩井003胶囊避孕套超薄持久高潮情趣玻尿酸男用延时套安全套9只,178.0,上海,19
菲罗尼亚避孕套001超薄体温款1只*7盒非乳胶安全套情趣男用裸入感,118.0,上海,20
大象安全套自由派对超薄情趣避孕套24只*1盒男套套大颗粒螺纹刺激,49.9,上海,100
冈本旗舰店0.03黄金系列避孕套超薄10片装0.03套套男用成人性用品,99.0,山西,2
名流MO玻尿酸避孕套超薄003安全套超薄裸入情趣大颗粒旗舰店正品,49.9,上海,30
名流狼牙棒安全套男用避孕套女士专用调情加长加粗异形官方旗舰,39.9,上海,67
名流MO超薄003玻尿酸水溶性免洗避孕套正品男用女安全套旗舰店byt,39.0,山西,10
四维空间狼牙棒避孕套男用情趣超薄安全套套官方正品持久装防早泄,119.0,上海,4
Durex杜蕾斯避孕套超小号持久安全套情趣紧型装12只*3贴身正品,139.0,上海,0
第六感避孕套安全套冰火一体12只夫妻情趣计生用品保险套套byt,24.9,上海,5
名流避孕套致薄002成人情趣10只安全套延时持久男用女用超薄003,15.9,上海,9
杰士邦避孕套持久装黄金延时套超凡延迟官网旗舰店男用安全套正品,39.9,上海,500
赤尾超薄避孕套紧型玻尿酸安全套小号紧绷48mm男女用byt子tt正品,35.0,上海,200
名流避孕套超薄金名流油量大加倍润滑安全套144只原装正品套子100,100.0,江西,100
名流超薄0.01避孕套玻尿酸大油量水溶性润滑118只原装安全套子100,208.0,江西,63
杜蕾斯超薄延时避孕套持久装情趣防早x安全套男用螺纹大颗粒0.01,59.9,广东,100
避孕套持久装防早泄男用安全狼牙棒环大颗粒女性专用神器男士女士,30.0,湖南,600
名流避孕套超薄裸入byt男用安全套持久装防早泄女士专用玻尿酸HT,5.1,广东,2000
水晶狼牙棒安全套超厚避孕套女士专用调情加长增粗变态震动男用20,30.0,广东,500
杜蕾斯避孕套超薄001男用持久男士专用安全套正品官方旗舰店裸入,59.0,广东,200
玩美避孕套玻尿酸100只装88只光面超薄001安全套子水润无味水溶性,38.0,四川,200
冈本001避孕套1只装超润滑超薄00.1安全套男用保险套成人性用品QD,14.9,浙江,600
名流玻尿酸避超薄0.01男用安全套正品旗舰店神器y小号润001,30.0,上海,400
玻尿酸避孕套男用超薄裸入001正品旗舰店安全套byt女延时情趣神器,9.9,广东,1000
杜蕾斯超薄避孕套震动安全套持久装防早泄送跳蛋丝袜情趣内衣赠品,39.9,上海,29
名流玻尿酸避孕套001超薄100只油量大润滑安全套子男批发原装正品,50.0,江西,45
清早玻尿酸避孕套超薄118只装正品润滑无硅油水溶性安全套100套子,160.0,江苏,55
倍力乐医用手指套les避孕套女性专用情趣高潮抠抠拉拉qq扣扣男用,30.0,安徽,1000
倍力乐超薄001玻尿酸避孕套持久装防早泄延时安全套裸入隐形男用,49.9,上海,100
杜蕾斯口用安全套爽口套避孕套女士调情专用口娇套口爱舔阴膜男用,39.9,广东,300
杜蕾斯避孕套超薄001裸入AIR隐安全套男用正品官方旗舰店官网避育,65.0,江苏,100
鹿口避孕套 洁净倍润滑套套男用水溶性玻尿酸情趣学生安全套,109.0,广东,54
延时避孕套持久装防早泄超薄裸入g点大颗粒情趣男用品延迟安全套t,5.9,安徽,1000
黑色加厚避孕套超厚型男用持久专用20黑金刚3mm延时情趣10安全套,30.0,上海,400
名流避孕套超薄0.01油量大女性专用套避孕正品金名流144只安全套,55.0,安徽,80
秘恋安全避孕套持久装防早泄玻尿酸男用颗粒超薄裸入正品旗舰店mk,39.9,安徽,500
名流HA玻尿酸避孕套001超薄0.01水溶性免洗正品旗舰店安全套子zx,208.0,上海,42
名流安全避孕套女正品旗舰店g点大颗粒超薄情趣持久装肉色润帽,30.0,上海,300
杜蕾斯避孕套薄荷冰爽凉感持久安全套冰火螺纹大颗粒清凉冰凉备孕,66.9,上海,22
男用j增大增长粗硬阴茎防早泄狼牙G点加长加粗厚持久装震动避孕套,58.0,广东,200
避孕套男超薄0.01带震动环送丝袜情趣女性专用口娇神器口交安全套,30.9,江苏,300
37.5避孕套玻尿酸超薄003夜场男情趣无硅油安全套水溶性50只装tt,45.0,河南,34
避孕套男加粗加长女士狼牙送丝袜情趣女性专用口娇神器口交安全套,30.9,江苏,200
名流之夜水多多玻尿酸避孕套100只装超薄0.01润滑正品安全套子男,19.9,安徽,200
冈本003玻尿酸透明酸质超薄避孕套10只装日本本土版0.03mm芦荟装,64.2,浙江,200
okamoto冈本003白金避孕套0.03安全套12只装*3盒成人用品日本套套,219.0,浙江,100
杰士邦避孕套男用黑金超凡持久装防早泄延时正品安全套官方旗舰店,69.9,浙江,600
杰士邦001pro小号避孕安全套超薄裸入情趣持久零感官方正品旗舰店,67.9,浙江,47
冈本003润滑避孕安全套001超薄裸入隐形男女士专用官方正品旗舰店,59.0,浙江,200
【冈本花火礼盒】超薄避孕套男用裸入安全套套女官方旗舰店001,259.0,安徽,32
冈本官方旗舰店避孕套东京003超薄裸入男用持久套套001安全套正品,79.9,安徽,100
诺丝避孕套特大颗粒10只情趣超薄安全套阴蒂G点刺激成人用品套套,19.9,上海,4
名流MO玻尿酸避孕套安全套10只情趣颗粒超薄润滑003男用女用成人,29.9,上海,3
杜蕾斯Air空气避孕套超薄装官方旗舰店官网正品男用安全套醉清风,97.9,上海,100
名流玻尿酸避孕套超薄安全套女男用套套避育润神器官方旗舰店正品,35.0,上海,600
正品CKE超薄避孕套128只原装夜场油量大情趣超润滑光面0.01安全套,110.0,江西,71
避孕帽安全套女士专用调情带刺狼牙男用持久性高潮刺激女用夫妻成,14.56,广西,83
爱善天使优感觉俏妃玻尿酸避孕套超薄润无硅油正品新日期大盒23只,165.0,安徽,31
名流玻尿酸避孕套官方旗舰店正品超薄裸入001安全套女士专用男性,53.8,广东,100
包邮 日本原装sagami相模002幸福0.02非乳胶超薄避孕套20只装中号,142.0,上海,58
尚牌女王归来玻尿酸避孕套超薄0.01安全套子男水溶性免洗正品byt,29.8,福建,100
避孕套幸福一号物理延时套持久装防早泄避润男用超厚加厚帽安全套,39.9,广东,200
名流天使小叶100只避孕套超薄润滑001玻尿酸安全套水溶性免洗套子,50.0,江西,68
尚牌玻尿酸避孕套100只装好运连连超薄水溶性透明质酸安全套子,138.0,上海,26
杜蕾斯人体润滑剂液油水性房事女用液体女性快感液成人用品避孕套,30.9,广东,200
没完没了避孕套男用延时持久装防早泄正品旗舰店安全套狼牙大颗粒,19.9,上海,400
日本相模002安全套非乳胶中号大号非001sagami幸福0.02避孕套超薄,82.0,山东,86
名流IDO玻尿酸避孕套正品超薄001官方旗舰店安全套子100只大盒装,150.0,上海,46
日本okamoto冈本0.01超薄避孕套3只装001超薄安全套男用日本套套,42.0,浙江,200
四维空间避孕套持久装男狼牙棒大颗粒正品旗舰店安全套情器用品WW,169.0,广东,30
名流fama玻尿酸避孕套鱼水之欢大油量超薄润滑安全套男女118只装,190.0,湖南,24
倍力乐手指套les扣扣qq情趣用品医用女性专用调情安全避孕套指交,19.9,广东,400
【超薄无感】诺丝玻尿酸避孕套0.01女生螺纹大颗粒装byt男安全套,39.9,广东,100
名流001玻尿酸避孕套超薄男士专用裸入安全套子女用byt正品旗舰店,39.0,上海,800
名流避孕套超薄玻尿酸100只星冰乐油量大正品批发男女用安全套byt,299.0,上海,53
名流避孕套超薄裸入正品旗舰店持久装防早泄安全套男女士专用调情,30.9,安徽,100
杜蕾斯小号避孕套男加粗加长特小号龟头套狼牙套女士专用调情加长,35.0,广东,300
倍力乐蘑菇入珠避孕套柔珠粗长延时安全套tt大颗粒情趣异形byt套,59.0,上海,100
名流之夜002玻尿酸避孕套正品旗舰店超薄001水润滑免洗安全套男士,30.0,上海,100
杰士邦避孕套超薄裸入女士专用狼牙带刺大颗粒官方正品旗舰店安全,35.9,江苏,300
俏妃优感觉无硅油玻尿酸超薄型避孕套新日期大盒正品双11特价包邮,175.0,上海,42
名流玻尿酸避孕套超薄正品100只原装男用0.01情趣套套 安全套批发,50.0,山东,100
丽润爱女用液体避孕套隐形套膜女士专用避孕神器女性外用杀菌凝胶,138.0,广东,81
名流之夜100只装超薄001避孕套男用大油量安全套玻尿酸正品旗舰店,19.9,安徽,800
名流避孕套男超薄持久0.01螺纹狼牙大颗粒情趣安全套女高潮学生,35.9,山东,200
涩井日本胶囊避孕套003超薄安全套男用情趣套超润滑套套,99.0,广东,100
冈本避孕套螺纹大颗粒狼牙棒带刺安全套情趣超薄延时套旗舰店神器,37.9,上海,200
香蕉计划避孕套002超薄玻尿酸安全套润滑高潮男用湿巾套EM,42.9,广东,100
名流避孕套超薄正品100只装原装0.01批发套男用安全套女用套套子,25.0,山东,200
尚牌女王归来玻尿酸避孕套120只装超薄光面型无硅油免洗安全套,200.0,广东,27
赤尾铂金无储小储精囊玻尿酸避孕套超薄001安全套官方正品旗舰店,69.9,广东,100
名流玻尿酸避孕套100只装超薄0.01正品男用大盒油量大安全套子ls,60.0,上海,100
倍力乐001超薄避孕套女用官方正品旗舰店安全套情趣裸入神器男用,30.9,江苏,200
名流49mm颗粒紧绷小号超薄避孕套带刺狼牙G点情趣安全套男用套套t,12.8,上海,1000
杰士邦避孕套黄金持久装延时套安全套延缓不射男用品女正品旗舰店,30.0,江苏,400
4维空间超薄带刺狼牙套避孕套螺纹大颗粒情趣男用正品异形安全套t,69.0,湖南,100
美国进口特洛伊trojan超薄特大号避孕套加大码加粗XL码安全套62mm,128.0,上海,70
杜蕾斯紧型延时避孕套小号持久装延长时间安全套紧致男用49mm紧绷,69.0,江苏,100
杰士邦001玻尿酸避孕套超薄裸入0.01男女士用情趣正品旗舰店安全t,59.0,浙江,1000
杰士邦避孕套小号49mm男用紧型持久装防早泄正品超薄旗舰店安全套,39.9,浙江,1000
冈本001避孕安全套男女士专用超薄情趣持久裸入003官方正品旗舰店,41.9,浙江,500
杰士邦skyn极肤避孕安全套零感超薄裸入玻尿酸男女专用正品旗舰店,49.9,浙江,100
冈本官方旗舰店避孕套东京003超薄裸入男用持久套套001安全套正品,79.9,安徽,100
【延时持久】冈本官方正品旗舰店超薄情趣颗粒避孕套男用安全套,59.0,安徽,100
赤尾避孕套潮色诱惑系列超薄安全套男女用玻尿酸润滑套套12只装,89.0,上海,20
名流避孕套超薄2合1男用男性玻尿酸润滑安全套保险套30只*1盒,79.0,上海,100
避孕套超薄001热感十足体温款21只安全套非乳胶情趣男用官方正品,249.0,上海,8
大象避孕套超薄003安全套18只情趣G点大颗粒加时套套超轻超薄,59.9,上海,63
大象避孕套超薄情趣安全套20只*1盒颗粒加时套套多重刺激高潮不断,129.0,上海,65
杜蕾斯凸点螺纹热感装避孕套男用安全套发热刺激大颗粒情趣保险套,35.9,山西,11
名流MO玻尿酸避孕套超薄001 润滑男用大颗粒情趣旗舰店正品安全套,39.9,山西,25
【樱桃】名流避孕套女性专用口娇套爽口套情趣型安全套子口交,29.9,上海,300
名流狼牙棒安全套男士专用情趣避孕套加长加粗g点大颗粒官方旗舰,39.9,上海,45
杰士邦3D大颗粒12只装避孕套异形带刺成人安全套超薄延时情趣持久,45.0,上海,1
四维空间带刺狼牙套*2只成人情趣安全套大号避孕套颗粒用具润滑,29.0,上海,4
名流MO玻尿酸避孕套安全套10只情趣颗粒超薄润滑003男用女用成人,29.9,上海,3
名流MO玻尿酸避孕套安全套10只粉色情趣超薄润滑003男用女用成人,29.9,上海,2
第六感49mm小号安全套男用紧绷型情趣超薄颗粒避孕套旗舰店官方特,36.9,上海,300
杰士邦零感玻尿酸避孕套超薄裸入男女士专用官方正品旗舰店安全套,35.9,江苏,400
杜蕾斯Air空气避孕套超薄装官方旗舰店官网正品男用安全套醉清风,97.9,上海,100
名流之夜水多多玻尿酸避孕套超薄0.01润滑免洗正品旗舰店安全套子,35.0,上海,200
舒乐美安全套100只装玻尿酸避孕套水溶性玻尿酸易清洗无残留光面,80.0,广东,93
狼牙避孕套带刺大颗粒震动安全男用品女振动棒加长电动专用调情趣,35.9,广东,200
大象高潮女生安全避孕套女性专用调情口娇戴持久女士情趣延时神器,39.9,广东,200
美国进口Trojan特洛伊男用久战延时安全套持久装防早泄延迟避孕套,128.0,北京,68
第六感安全避孕套持久装防早泄超薄官方正品旗舰店男女士专用调情,19.9,江苏,700
名流之夜玻尿酸避孕套超薄夜场安全套男用夫妻用品生活延时持久套,19.9,广东,300
名流之夜水多多玻尿酸避孕套正品超薄0.01润滑型安全套套批发整箱,180.0,湖北,29
名流之夜避孕套100只装超薄001男女用玻尿酸油量大安全套子批发,31.0,山东,200
名流旺旺玻尿酸避孕套90只装财神超薄0.01安全套子大油量免洗,80.0,湖南,45
男用增大增长粗硬加长粗持久G点膏阴茎狼牙延时避孕套小号防早泄J,49.0,广东,200
【螺纹大颗粒】大象避孕套男用超薄情趣安全套套G点香味计生byt,69.9,北京,300
薄爱新贵避孕套超薄正品玻尿酸安全套子水溶性透明质酸118只装,200.0,广东,51
杜蕾斯超薄001安全避孕套G点大颗粒凸点螺纹螺旋狼牙持久装防早泄,39.9,广东,100
诺丝正品物理延时套避孕套持久装防早泄加厚型男用女避润帽安全套,39.9,广东,200
杰士邦安全套持久男士专用延时黄金装非防早泄避孕套正品超薄裸入,25.9,浙江,300
名流45mm超小号避孕套紧绷型超薄特小迷你男用超紧安全套套29,14.8,上海,900
okamoto冈本003超薄避孕套0.03安全套玻尿酸款10只装男用套套成人,129.0,浙江,27
名流玻尿酸避孕套润滑大颗粒超薄0.01紧绷安全套男用小号持久免洗,23.8,江苏,300
第六感避孕套凸点螺纹大颗粒超薄超滑冰火久持情趣安全套礼盒装水,79.9,江苏,100
女用液体避孕套膜栓贴环帽女士专用口娇凝胶e5避轻松旗舰店安全套,38.8,上海,300
避孕套情趣大礼包安全套男女性用品夫妻套装组合超薄螺纹大颗粒tt,39.8,安徽,77
正品超薄CKE避孕套144只装夜场油量大润滑安全套桑拿情趣用品套子,120.0,江西,84
名流HA玻尿酸避孕套超薄0.01男用裸入套001正品官方旗舰店安全套,200.0,上海,41
清早超薄型玻尿酸避孕套108只油量大水润滑安全套光面男用套子001,150.0,江西,64
名流延时避孕套001安全套持久装防早泄男女士专用调情正品旗舰店t,25.9,上海,100
冈本避孕套阴茎增长增粗增硬大狼牙带刺大颗粒男士情趣用品安全套,59.0,福建,94
尚牌女王归来玻尿酸避孕套女士专用帽正品旗舰店安全套超薄隐形男,200.0,广东,53
正品玩美避孕套100只装超薄油量大玻尿酸88只男用免洗光面安全套,27.9,浙江,200
冈本001安全避孕套超薄延时持久装男女士专用调情官方旗舰店正品,49.9,浙江,100
秘恋避孕套玻尿酸超薄旗舰店官方正品安全套裸入男用持久防早泄mk,39.9,安徽,500
杰士邦白金持久避孕套持久装防早泄男用旗舰店官方黄金延时安全套,59.9,浙江,800
冈本粉金0.03超薄超润滑避孕套无储精囊贴身裸入隐形003安全套byt,119.0,浙江,300
陌陌水果味避孕套超薄003玻尿酸果香套装柔超爽情趣型避孕套60只,45.0,广东,400
四维空间情趣避孕安全套男女士专用狼牙棒延时迟持久装防早泄神器,138.0,浙江,94
冈本旗舰店0.03白金超薄避孕套系列6片装003套套男用安全成人用品,85.0,安徽,81
冈本SKIN超薄紧型避孕套男用10片旗舰店正品安全套成人用品byt,39.8,安徽,100
第六感情趣六合一避孕套润滑安全套颗粒计生用品男用24只*3盒,54.9,上海,39
杰士邦避孕套零感至尊三合一情趣安全套0.03成人用品颗粒16只,69.9,上海,55
杰士邦避孕套超薄情趣颗粒56只安全套成人用品性用品男用夫妻房事,119.9,上海,30
名流MO玻尿酸避孕套安全套9只*2盒情趣超薄润滑003男用女用成人,83.8,上海,45
大象避孕套高潮情趣组合20只*1组玻尿酸超薄G点颗粒刺激男用情趣,69.9,上海,53
名流避孕套超薄mo玻尿酸安全套男女用冰火两重天官方旗舰店正品tt,49.9,山西,15
名流正品玻尿酸避孕套男女用情趣超薄裸入001旗舰店官方安全套byt,39.0,山西,18
名流001超薄避孕套男女用玻尿酸安全套裸入情趣官方旗舰店正品,199.0,上海,6
名流MO玻尿酸避孕套超薄2只*100盒润滑保险成人用品酒店宾馆批发,359.0,上海,1
NOX诺丝避孕套超霸持久 物理持久 情趣用品安全套8只装延时正品,42.0,上海,1
杰士邦延时避孕套男性黄金持久20只安全套情趣防早泄超薄润滑正品,149.0,上海,0
菲罗尼亚避孕套001超薄体温款1只装非乳胶安全套套情趣男用裸入感,9.9,上海,1
名流玻尿酸避孕套超薄安全套女男用套套避育润神器官方旗舰店正品,35.0,上海,600
大象安全套0.03超薄避孕套套003玻尿酸安全套 高潮女生男用情趣,59.0,北京,300
杜蕾斯冰火两重天一体避孕套情趣带刺男用热感持久大颗粒狼牙安全,55.0,浙江,100
包邮日本冈本003 0.03mm透明质酸玻尿酸超薄避孕套安全套 10只装,57.0,浙江,100
威尔乐双珠柔珠大颗粒G点情趣避孕套带刺狼牙套高潮 异形安全套,79.0,上海,71
薄爱水晶鞋超薄避孕套108只润滑油量大玻尿酸安全套001厡装套子男,120.0,江西,64
倍力乐女用避孕套女士专用调情液体安全套隐形子宫颈避孕帽式凝胶,34.9,广东,300
双珠避孕套性兽男带震动环柔珠加粗加长狼牙套情趣异形神器安全套,49.0,山东,23
尚牌女王归来避孕套超薄001玻尿酸男女士专用调情正品旗舰店安全,39.9,广东,200
杰士邦避孕套男黄金超凡非持久装防早泄颗粒延时套延迟安全套子D,27.5,浙江,200
羞羞哒003水光套避孕玻尿酸安全套女士超薄男用品旗舰店官方正品,59.0,上海,100
赤尾超薄避孕套玻尿酸安全套男女情趣用品裸入套套正品tt,75.0,广东,88
杰士邦超薄玻尿酸避孕套男士专用女零感裸入正品官方旗舰店安全套,11.9,浙江,200
第六感超薄避孕套男女士专用调情正品旗舰店狼牙棒安全套裸入陌陌,30.9,安徽,300
名流之夜避孕套100只装超薄0.01男玻尿酸油量大安全套子正品批发,75.0,浙江,58
大象避孕套超薄001情趣持久玻尿酸女生小颗粒正品旗舰店安全套,59.0,江苏,100
【100只大盒】杰士邦避孕套量贩家庭装男用官方正品旗舰店安全套,59.9,广东,89
名流之夜避孕套100只装正品超薄安全套套套光面男女用超润滑原装,39.0,山东,100
杜蕾斯超薄避孕套0.01男用安全套旗舰店官方正品官网女性专用调情,109.0,上海,51
名流3只避孕套三只装超薄安全套100盒装酒店宾馆客房有偿批发,32.9,上海,67
fama玻尿酸避孕套超小号45mm极薄0.01正品安全套男用颗粒紧绷套套,49.0,湖北,200
诺丝玻尿酸男用避孕套超薄水溶性水基0.01安全套官方旗舰店正品FX,59.9,天津,100
香蕉计划男用避孕套正品超薄安全套0.01正品延时持久玻尿酸旗舰nm,68.0,广东,100
大象安全套超薄避孕套001颗粒g点刺激003情趣女玻尿酸高潮男套套,59.9,北京,400
日本版冈本003透明质酸玻尿酸超薄0.03mm水溶性润滑避孕安全套001,71.6,上海,100
第六感超薄避孕套男用情趣性兽持久装防早狼牙安全套旗舰店0.01泄,39.9,上海,100
正品CKE超薄避孕套128只原装夜场油量大情趣超润滑光面0.01安全套,110.0,江西,71
名流避孕套超薄0.01油量大女性专用套避孕正品金名流144只安全套,55.0,安徽,80
秘恋安全避孕套持久装防早泄玻尿酸男用颗粒超薄裸入正品旗舰店mk,39.9,安徽,500
名流HA玻尿酸避孕套001超薄0.01水溶性免洗正品旗舰店安全套子zx,208.0,上海,42
名流安全避孕套女正品旗舰店g点大颗粒超薄情趣持久装肉色润帽,30.0,上海,300
杜蕾斯避孕套薄荷冰爽凉感持久安全套冰火螺纹大颗粒清凉冰凉备孕,66.9,上海,22
男用j增大增长粗硬阴茎防早泄狼牙G点加长加粗厚持久装震动避孕套,58.0,广东,200
避孕套男超薄0.01带震动环送丝袜情趣女性专用口娇神器口交安全套,30.9,江苏,300
37.5避孕套玻尿酸超薄003夜场男情趣无硅油安全套水溶性50只装tt,45.0,河南,34
冈本避孕套套子安全套超薄男用情趣0.01避润育skin正品官方旗舰店,79.0,浙江,700
涩井避孕套男用持久延时防早泄安全套超薄款玻尿酸保险套日本进口,79.0,浙江,700
杰士邦避孕套超薄0.01安全套男用byt情趣计生用品001至臻柔薄套套,197.9,浙江,3
杰士邦延时避孕安全套黄金持久装防早泄男女士专用情趣正品旗舰店,58.0,浙江,300
冈本官方旗舰店0.02避孕套003超薄0.01套套男用持久情趣安全套,79.0,安徽,71
冈本旗舰店0.03黄金超薄避孕套系列6片装003套套男用情趣安全套,89.9,安徽,35
杰士邦零感001持久13只 避孕套超薄延时防早泄 男女用无感安全套,129.9,上海,55
避孕套超薄15只001润滑+体温款非乳胶超润滑安全套情趣男用裸入套,219.0,上海,9
避孕套超薄001热感体温款非乳胶安全套6只装情趣男用快速导热套套,109.0,上海,33
杜蕾斯持久避孕套 超薄延时 超薄情趣降敏安全套原装进口3只装,42.0,上海,100
冈本001避孕套情趣润滑男女用超薄裸入003套套套安全套5片*1套,119.0,上海,23
名流螺纹大颗粒避孕套g点带刺超薄男安全套子情趣异形小号狼牙byt,39.9,山西,24
名流玻尿酸避孕套003超薄裸入男用正品旗舰店安全套声入薄境零感t,38.9,山西,10
名流狼牙棒安全套男士专用情趣避孕套加长加粗g点大颗粒官方旗舰,39.9,上海,29
名流避孕套润薄超薄隐形男女用安全套裸入情趣官方旗舰正品,39.0,上海,33
日本冈本20片避孕套安全套成人情趣延时持久超薄润滑情趣套正品,59.0,上海,0
诺丝避孕套狼牙8只装+物理持久8只装情趣延时超薄螺纹润滑狼牙套,88.0,上海,1
避孕套男加粗加长女士狼牙送丝袜情趣女性专用口娇神器口交安全套,30.9,江苏,200
名流之夜水多多玻尿酸避孕套100只装超薄0.01润滑正品安全套子男,19.9,安徽,200
冈本003玻尿酸透明酸质超薄避孕套10只装日本本土版0.03mm芦荟装,64.2,浙江,200
避孕帽安全套女士专用调情带刺狼牙男用持久性高潮刺激女用夫妻成,14.56,广西,83
爱善天使优感觉俏妃玻尿酸避孕套超薄润无硅油正品新日期大盒23只,165.0,安徽,31
名流玻尿酸避孕套官方旗舰店正品超薄裸入001安全套女士专用男性,53.8,广东,100
包邮 日本原装sagami相模002幸福0.02非乳胶超薄避孕套20只装中号,142.0,上海,58
尚牌女王归来玻尿酸避孕套超薄0.01安全套子男水溶性免洗正品byt,29.8,福建,100
避孕套幸福一号物理延时套持久装防早泄避润男用超厚加厚帽安全套,39.9,广东,200
名流天使小叶100只避孕套超薄润滑001玻尿酸安全套水溶性免洗套子,50.0,江西,68
尚牌玻尿酸避孕套100只装好运连连超薄水溶性透明质酸安全套子,138.0,上海,26
杜蕾斯人体润滑剂液油水性房事女用液体女性快感液成人用品避孕套,30.9,广东,200
没完没了避孕套男用延时持久装防早泄正品旗舰店安全套狼牙大颗粒,19.9,上海,400
日本相模002安全套非乳胶中号大号非001sagami幸福0.02避孕套超薄,82.0,山东,86
名流IDO玻尿酸避孕套正品超薄001官方旗舰店安全套子100只大盒装,150.0,上海,46
日本okamoto冈本0.01超薄避孕套3只装001超薄安全套男用日本套套,42.0,浙江,200
四维空间避孕套持久装男狼牙棒大颗粒正品旗舰店安全套情器用品WW,169.0,广东,30
大象小号避孕套特紧致49mm紧型超薄紧绷男用安全套正品官方旗舰店,35.0,上海,200
名流fama玻尿酸避孕套鱼水之欢大油量超薄润滑安全套男女118只装,190.0,湖南,24
倍力乐手指套les扣扣qq情趣用品医用女性专用调情安全避孕套指交,19.9,广东,400
【超薄无感】诺丝玻尿酸避孕套0.01女生螺纹大颗粒装byt男安全套,39.9,广东,100
名流001玻尿酸避孕套超薄男士专用裸入安全套子女用byt正品旗舰店,39.0,上海,800
名流避孕套超薄玻尿酸100只星冰乐油量大正品批发男女用安全套byt,299.0,上海,53
名流避孕套超薄裸入正品旗舰店持久装防早泄安全套男女士专用调情,30.9,安徽,100
杜蕾斯小号避孕套男加粗加长特小号龟头套狼牙套女士专用调情加长,35.0,广东,300
倍力乐蘑菇入珠避孕套柔珠粗长延时安全套tt大颗粒情趣异形byt套,59.0,上海,100
sagami相模001避孕套超薄0.01安全套5只装*3盒成人水润套套情趣,135.0,广东,49
日本sagami相模001超薄安全套幸福0.01非乳胶相摸避孕套 多买赠礼,45.0,上海,100
诺丝20MM延时套旗舰店超厚避孕套持久装防早泄加厚型男用10MM安全,16.9,广东,200
名流口交套100只装超薄无油无味女用口娇膜吹男用情趣安全避孕套,30.0,上海,400
名流安全套g点大颗粒避孕套男用狼牙棒带刺冰火两重天情趣神器byt,34.9,广东,300
名流之夜002玻尿酸避孕套正品旗舰店超薄100只水润滑免洗安全套男,30.0,浙江,100
【黄金持久】杰士邦避孕套持久装防早泄男用延时安全套官网旗舰店,29.0,上海,300
日本幸福相模001超薄型避孕套安全套学生男女冈本正品代购旗舰店,55.0,日本,61
名流旺旺玻尿酸避孕套超薄001润滑免洗紧绷小号49mm男用安全套子,80.0,上海,67
【微商爆款】正品初感避孕套超薄0.01玻尿酸001旗舰店持久安全套,78.0,浙江,58
杰士邦003玻尿酸避孕套零感超薄001极肤安全套官方正品官网旗舰店,59.9,浙江,800
sagami相模002超薄避孕套安全套大码L码10只装成人用品日本大号,95.0,浙江,200
名流MO超薄003玻尿酸避孕套裸入隐形男用女安全套正品旗舰店官方,38.0,广东,500
杰士邦狼牙棒安全套持久装防早泄情趣官方正品旗舰店神器延时男用,31.0,浙江,500
【热卖】冈本官方旗舰店避孕套无感透薄套套男用持久超润滑安全套,79.0,安徽,61
【0.03新品-贴合润滑】冈本官方旗舰店0.03超润滑持久避孕套3片装,49.0,安徽,91
名流45mm特小号安全套超紧避孕套迷你大颗粒紧绷型男用女性29套套,33.8,上海,400
大象G点大颗粒避孕套情趣冰火男用狼牙棒刺凸点螺纹安全套旗舰店,39.0,上海,100
大象延时避孕套男用持久装防早泄正品旗舰店安全套官方加厚防早射,35.0,广东,100
名流之夜水多多玻尿酸避孕套超薄正品旗舰店女士专用调情安全套帽,19.9,广东,600
杰士邦小号避孕套延时持久装防早泄男用安全套正品旗舰店官方套套,39.9,广东,100
名流安全避孕套男用超薄女性正品旗舰店持久装神器狼牙小号套调情,25.9,广东,200
印度神油延时避孕套持久装防早泄安全套男用超薄专用女调情加长tt,9.8,安徽,800
杜蕾斯避孕套正品超薄0.01持久装男用安全套性兽旗舰店官方女套,18.8,福建,700
名流玻尿酸避孕套润滑超薄0.01金名流美人鱼小号49mm水溶性安全套,200.0,安徽,29
超薄延时避孕套裸入001持久装安全套颗粒男用神器异形女非防早泄,33.9,上海,400
第六感49mm特小号避孕套紧型超薄紧绷男用安全套正品官方旗舰店20,19.9,江苏,200
美国进口特洛伊特大号超薄安全套加长加粗大超大码极薄避孕套75mm,128.0,北京,36
mega bigboy冈本XL超大号象头部46mm直径特大码安全套加大避孕套,68.0,浙江,86
无油口交避孕套100只装超薄001紧绷小号49mm光面医用口口娇服务套,25.0,福建,32
SLM舒乐美玻尿酸避孕套128只装超薄光面水溶性透明质酸安全套包邮,150.0,广东,38
名流之夜天使小叶玻尿酸避孕套超薄0.01水溶性免洗安全套子100只,50.0,福建,100
名流玻尿酸避孕套超薄裸入001男士专用正品官方旗舰店安全套子女,43.9,上海,200
倍力乐医用手指套les避孕套女性专用情趣高潮抠抠拉拉qq扣扣男用,30.9,江苏,100
SLM舒乐美玻尿酸避孕套128只装柔软至薄光面型透明质酸小号安全套,150.0,广东,40
名流之夜避孕套超薄正品旗舰店玻尿酸100只安全套子男水多多大盒,35.0,上海,100
杜蕾斯避孕套经典激爽超薄安全套持久装延时情趣男用套套官方正品,74.8,广东,200
包邮 日本版冈本003白金透明质酸芦荟黄金乳胶安全套避孕套中大号,62.0,上海,56
durex 安全避孕保险套套子超薄雷杜蕾斯丝bytt成人性用正品店旗舰,32.9,湖北,95
倍力乐手指套扣扣套避孕指爱套qq情趣用品女士专用调情口交套拉拉,15.9,广东,400
成人杜蕾斯旗舰店官方官网超薄001byt避孕套男用air空气套安全套,149.0,广东,34
001超薄隐形玻尿酸避孕套零感男用持久装防早泄裸入安全女士专用,19.9,广东,23
杰士邦安全套避孕套男性黄金持久装防非早泄超薄非延时正品旗舰店,59.0,湖南,100
杰士邦延时避孕安全套男用持久装防早泄狼牙棒情趣正品旗舰店官方,58.0,广东,76
Durex杜蕾斯避孕套超薄贴合体验大号安全套大号套男用情趣30只装,119.0,浙江,33
延时避孕套男加长安全套女士专用调情趣用品持久装防早泄神器正品,19.9,安徽,100
名流小鸟玻尿酸避孕套男超薄油量大润滑水溶安全套情趣正品套子,228.0,湖南,27
尚牌水公主玻尿酸避孕套超薄0.01安全套子免洗裸入官方旗舰店正品,50.0,福建,36
羞羞哒水光套避孕套超薄003玻尿酸男用安全套隐形官方正品9只装女,59.0,广东,95
名流之夜玻尿酸避孕套超薄0.01安全套子100只装水溶性免洗男正品,50.0,福建,100
杜蕾斯情趣持久延时型避孕套凸点螺纹大颗粒男用安全套官网正品tt,79.9,江苏,51
第六感超薄避孕套003玻尿酸官方旗舰店正品女士专用男安全套裸入,59.9,江苏,300
正品薄爱新贵避孕套水溶性黑盒玻尿酸安全套超薄超润滑118只装,200.0,陕西,23
倍力乐液体避孕套女性专用凝胶女士神器男超薄裸入正品旗舰店安全,29.9,上海,400
幸福一号物理延时套加厚避孕套持久早泄超厚男用延迟安全套计生tt,39.9,北京,300
瑞典LELO公司HEX石墨烯结构六边形个性创意安全套进口透薄避孕套,129.0,北京,21
避孕套男用狼牙棒g点加长大颗粒男女士专用调情趣变态液体安全套,19.9,江苏,600
杜蕾斯超薄装避孕套男0.01安全套旗舰店官方激爽四合一32byt正品,119.0,上海,16
金名流美人鱼玻尿酸避孕套超薄0.01正品水溶性免洗油量大安全套子,100.0,上海,51
女用液体避孕套膜栓环帽避轻松凝胶女士专用口娇神器旗舰店安全套,26.0,上海,200
倍力乐避孕套女性专用调情安全套男女士戴隐形膜贴液体避孕帽凝胶,34.9,广东,600
FAMA避孕套FIT小号安全套男用紧绷超薄避孕套玻尿酸避孕套49mm tt,69.0,上海,100
杜蕾斯延时避孕套批发男用持久装早泄避孕正品官方旗舰官网安全套,89.0,广东,30
okamoto冈本001避孕套超薄0.01安全套L大码3只装男用计生用品大号,52.0,浙江,500
okamoto冈本超薄避孕套安全套款12只装成人情趣用品日本润滑套套,75.0,浙江,400
倍力乐医用手指套大颗粒女女情趣避孕套qq套套女性专用品扣扣男用,35.9,广东,800
杰士邦零感超薄裸入001避孕安全套神器持久装男女官方旗舰店正品t,49.9,浙江,300
【热卖】冈本官方旗舰店避孕套无感透薄套套男用持久超润滑安全套,79.0,安徽,61
【0.03新品-贴合润滑】冈本官方旗舰店0.03超润滑持久避孕套3片装,49.0,安徽,91
菲罗尼亚避孕套001莹润超薄10只装非乳胶安全套套情趣男用裸入感,179.0,上海,12
冈本超薄避孕套冰感组合透薄冰感10片+003超润滑2+激薄5片共17片,99.0,上海,18
第六感避孕套小号情趣组合36只螺纹大颗粒狼牙安全套003官方正品,59.9,上海,18
杰士邦避孕套3D大颗粒超薄安全套情趣36只男用计生情趣用品保险套,89.9,上海,21
赤尾避孕套小号安全套柔嫩紧致11只*盒玻尿酸润滑超薄套套byt男用,59.0,上海,13
杜蕾斯安全避孕套超薄0.01男用持久装旗舰店官方正品性兽带震动环,49.8,山西,12
第六感超薄避孕套男用情趣持久装性兽狼牙安全套套正品旗舰店0.01,39.9,山西,12
名流避孕套超薄003润薄男女用玻尿酸润滑套套安全套情趣正品byt,49.0,上海,9
名流超薄避孕套001男用玻尿酸安全套裸入情趣003避孕套旗舰正品tt,159.0,上海,5
日本冈本避孕套安全套003组合16片超薄润滑情趣成人套套螺纹男用,65.0,上海,0
NOX诺丝避孕套超霸持久狼牙安全套8只装超薄润滑正品情趣延时加厚,52.0,上海,0
名流玻尿酸避孕套超薄0.01油量大润滑54只安全套情趣原装套子100,110.0,江西,61
FAMA超薄避孕套玻尿酸润滑45只油量大安全套男女用情趣套0.01套子,120.0,江西,65
名流MO玻尿酸避孕套超薄001裸感安全套男用神器避y正品旗舰店官方,38.0,上海,700
杜蕾斯超薄避孕套醉清风官方旗舰店男用女安全套专用超薄正品官网,62.9,上海,300
【小号专用持久装】杰士邦避孕套防早泄安全套男用官网旗舰店RV,59.0,广东,84
尚牌玻尿酸避孕套超薄隐形女士专用调情官方正品旗舰店安全套男用,39.9,广东,200
玻尿酸避孕套超薄男用螺纹大颗粒冰火安全套女用调情趣用具大礼包,29.8,安徽,100
舒乐美小鸟玻尿酸避孕套100只装超薄0.01套子安全套夜场润滑DK,65.0,河北,99
超小号29mm避孕套紧绷超薄裸入G点大颗粒特小号男士专用安全套45m,30.8,浙江,600
冈本003黄金玻尿酸透明质酸芦荟避孕套男超薄0.03安全套中号/大号,63.0,上海,100
避孕套延时超薄001男用持久装防早泄女专用冰火两重天高潮安全套,58.0,广东,100
避孕套持久装防早泄超鸟·犀之宝超厚套喜健康安全套防早射超能量,99.0,广东,58
正品七音符玻尿酸避孕套100只装超薄舒乐美光面中号108只装安全套,52.0,福建,67
名流之夜玻尿酸避孕套100只装超薄0.01水溶性免洗正品批发安全套,50.0,山东,16
名流之夜避孕套超薄100只装油量大玻尿酸润滑男用情趣安全套批发,22.0,浙江,92
避孕套延时超薄001男用持久装防早泄女专用冰火两重天高潮安全套,58.0,广东,100
避孕套持久装防早泄超鸟·犀之宝超厚套喜健康安全套防早射超能量,99.0,广东,58
正品七音符玻尿酸避孕套100只装超薄舒乐美光面中号108只装安全套,52.0,福建,67
名流之夜玻尿酸避孕套100只装超薄0.01水溶性免洗正品批发安全套,50.0,山东,16
名流之夜避孕套超薄100只装油量大玻尿酸润滑男用情趣安全套批发,22.0,浙江,92
玻尿酸安全套物理延时套男用持久装情趣防早泄神器加厚延迟避孕套,49.9,广东,100
赤尾玻尿酸安全套超薄避孕套003液体套男女计生情趣用品套套tt,39.0,广东,400
名流美人鱼玻尿酸避孕套超薄001官方正品旗舰店润滑安全套套子男,200.0,上海,23
日本本土冈本002超薄贴身安全套非乳胶无味聚氨酯0.02避孕套12只,75.0,北京,100
正品名流逸士避孕套光面超薄大油量100只装 润滑夜场洗浴安全套,24.0,山东,200
正品玩美玻尿酸避孕套100只装超薄油量大水溶性安全套001包邮免洗,28.9,福建,36
日本冈本Super BigBoy大码大号避孕套黑色大号超薄安全套58MM,68.0,上海,89
Donless多乐士超薄避孕套水多男用香氛浮点情趣安全套套赠003包邮,29.8,广东,400
双珠避孕套加粗加长男用狼牙女士专用调情趣神器口娇避阴安全套帽,31.0,江苏,200
赤尾玻尿酸安全套g点大颗粒带刺避孕套男士专用狼牙套变态铂金001,49.0,广东,100
狼牙避孕套男加粗加长加厚异形棒带刺大颗粒g点安全套男用情趣女,199.0,广东,29
名流玻尿酸避孕套0.01安全套超薄裸入隐形男用水多润滑正品001套t,17.8,浙江,500
金名流玻尿酸避孕套超薄0.01大盒118只装安全套子原装正品批发男,115.0,湖南,17
名流正品避孕套男官方旗舰店安全持久装狼牙女士专用调情超薄神器,30.9,上海,100
倍力乐手指套les拉拉QQ情趣用品女用高潮扣抠扣女性专用避孕套ahy,49.9,上海,100
尚牌女王归来玻尿酸避孕套超薄0.01润滑免洗正品旗舰店安全套子男,218.0,上海,19
杜蕾斯避孕套加厚型款双保险安全套持久装防早泄延时迟男用旗舰店,52.9,浙江,800
杜蕾斯避孕套凸点螺纹g点大颗粒魔法情趣安全套官方正品旗舰店byt,54.9,浙江,700
杰士邦黄金持久苯左卡因延时延迟避孕套安全套1只装,51.0,浙江,2000
杰士邦黄金持久装延时迟避孕安全套超薄男情趣颗粒狼牙正品旗舰店,32.0,浙江,500
冈本官方旗舰店超薄避孕套超值装安全套男用超润滑持久套套byt,109.0,安徽,26
【盲盒】冈本官方正品旗舰店超薄避孕套安全套套套情趣男用001,89.0,安徽,41
杜蕾斯air空气套避孕套超薄型0.01安全套男用学生旗舰店官方正品,69.9,山西,6
延时安全避孕套超薄持久装防早泄男用情趣延迟神器正品旗舰店狼牙,32.9,山西,16
杜蕾斯避孕套001水性聚氨酯•倍润3只/盒安全套成人情趣用品,79.9,上海,24
名流避孕套超薄2合1男用男性玻尿酸润滑安全套保险套30只*2盒,99.8,上海,16
大象安全套超薄10只003避孕套001套套高潮超薄裸感玻尿酸滋养,99.9,上海,75
冈本003避孕套超薄男用旗舰店情趣裸入安全套套组合装21片*1套,99.0,上海,13
杜蕾斯避孕套组合001聚氨酯3只+超薄金装3只安全套润滑套套,92.9,上海,11
名流MO玻尿酸避孕套超薄2只*50盒润滑安全套成人用品酒店宾馆批发,399.0,上海,1
【MO和悲伤蛙联名】名流玻尿酸避孕套超薄裸入安全套男用正品byt,79.9,上海,3
冈本避孕套超薄安全套超润滑超薄组合20片成人情趣套套日本男用,54.0,上海,0
杰士邦延时避孕套男性3D大颗粒24只持久螺纹带刺安全套情趣成人,115.0,上海,0
名流45mm特小号安全套超紧避孕套迷你大颗粒紧绷型男用女性29套套,33.8,上海,400
CKE002避孕套118只夜场超薄安全套油量大光面润滑0.01避孕套子001,119.0,江西,75
Elasun/尚牌女王归来玻尿酸避孕套120只装超薄光面水溶性安全套,200.0,广东,30
名流之夜水多多玻尿酸避孕套超薄001旗舰店正品100只装安全套子男,35.0,浙江,91
延时避孕套男用品持久装防早泄早射情趣延迟神器性喷雾延长喷剂SS,298.0,广东,11
巅峰一号1持久装避孕套情趣颗粒超薄裸入正品旗舰店安全套男神器,39.0,上海,100
倍力乐超薄避孕套男用持久装防早泄女士专用安全套官方正品旗舰店,4.9,浙江,1000
冈本001超薄冰感颗粒粒避孕套情趣003男女性专用冰粒粒安全套正品,54.9,广东,2000
杜蕾斯避孕套超薄0.01男用性兽持久装安全套正品旗舰店专用情趣,33.9,浙江,100
SIKI私激玻尿酸避孕套TT润滑男用耐磨超薄003安全套情趣中号byt,183.8,浙江,37
冈本001避孕套持久装防早泄男用安全套超薄003正品旗舰店情趣神器,134.9,广东,83
大象001避孕套超薄0.01安全套男自由爽滑大象旗舰情趣高潮全自动,69.0,北京,100
烟花三月玻尿酸避孕套超薄100只装正品水润滑免洗夜场安全套子ls,100.0,上海,54
避孕套男狼牙棒避阴帽舔送丝袜调情趣女性专用口娇神器口交安全套,35.9,江苏,200
中国双一  润系列聚氨酯真001超薄避孕套润滑无感亲肤导热安全套,65.9,广东,34
薄爱水晶鞋玻尿酸避孕套正品超薄0.01水溶性免洗润滑安全避育套套,120.0,湖北,39
金名流玻尿酸避孕套超薄0.01润滑油量大安全套子118只男女原装100,115.0,江西,61
第六感狼牙棒安全避孕套大颗粒男士专用情趣异形官方正品旗舰店y,45.9,江苏,300
大象G点大颗粒避孕套情趣冰火男用狼牙棒刺凸点螺纹安全套旗舰店,39.0,上海,100
包邮 日本进口相模0.01mm超薄避孕套男用幸福001安全套高潮5只装,47.0,浙江,95
冈本狼牙颗粒避孕套冰粒粒男用女士正品安全套冰感旗舰店官方薄荷,45.0,上海,100
进口冈本001超薄避孕套0.01中号L大号安全套3只装非乳胶聚氨酯防,32.0,广东,200
超薄避孕套杜蕾斯Love装男用持久女情趣高潮带刺安全套旗舰店官方,59.9,上海,81
七音符玻尿酸避孕套100只超薄破尿酸油量大免洗安全套子ls,80.0,上海,59
包邮爱丽丝400只装避孕套夜场专用超薄超滑正品大油量光面安全套,105.0,广东,49
大象避孕套001超薄男女用情趣大颗粒空气安全套避孕套正品旗舰店,29.9,江苏,100
尚牌延时避孕安全套狼牙男士专用女超薄0.01持久情趣正品避育套套,30.0,广东,200
倍力乐65加大码避孕套大号60mm中号超薄男用安全套套,19.9,北京,500
冈本3个三只装避孕套超薄纯超润滑酒店宾馆商超100安全套酒店批发,34.9,湖北,17
杰士邦避孕套持久装防早泄男狼牙带刺g点大颗粒安全套正品旗舰店t,19.9,广东,67
名流HA001玻尿酸避孕套超薄0.01水溶性免洗正品旗舰店安全套大盒,208.0,上海,21
加厚避孕套持久装狼牙套狼牙棒安全套男用官方旗舰店正品女士专用,49.9,上海,100
日本进口 相模sagami幸福001避孕套0.01mm超薄2非乳胶安全套5只装,82.0,广东,99
舒乐美玻尿酸避孕套100只装 易清洗无残留  水溶性安全套SLM小鸟,65.0,广东,53
双珠避孕套情趣异形性兽男用加粗加长女口娇入珠大颗粒狼牙安全套,30.9,北京,100
003新品】第六感避孕套玻尿酸超薄001超润薄超滑安全套男用套套QD,25.9,浙江,400
FAMA避孕套男用超薄001正品隐形裸入安全套官方旗舰店0.01玻尿酸t,69.0,浙江,900
冈本避孕套001超薄正品旗舰店安全套0.01男女士官方专用tt神器byt,48.0,浙江,700
冈本003超薄裸入001情趣持久避孕男女士专用官方正品旗舰店安全套,109.0,浙江,94
第六感避孕套六感合一螺纹诱惑情趣狼牙套安全套男用情趣成人用品,30.9,浙江,44
冈本旗舰店0.03白金系列超薄3片装避孕套持久润滑安全套男用byt,49.0,安徽,35
冈本003超润滑系列3片装避孕套男用正品旗舰店男用润薄安全套套,50.0,安徽,49
倍力乐手指套les扣扣qq情趣男用女性专用口交避孕套调情拉拉性兽,30.9,山西,25
名流避孕套小号49mm安全套套情趣螺纹大颗粒男用成人用品开心持久,35.9,山西,13
杜蕾斯避孕套组合001聚氨酯3只+超薄金装3只安全套润滑套套,92.9,上海,11
名流安全套避孕套成人情趣用品用具性用品35只*2盒螺纹大颗粒超薄,83.8,上海,20
杜蕾斯避孕套Love大胆爱吧3只3只*1盒超薄情趣安全套成人随身小包,7.0,上海,1000
杜蕾斯避孕套情趣延时装10只*1盒凸点螺纹持久安全套套原装进口,109.0,上海,18
第六感六合一避育套超薄平滑情趣避孕套 安全套保险套神器48只,39.9,上海,52
名流避孕套超薄003柔韧超薄男用玻尿酸套套安全套0.01情趣正品byt,45.0,上海,4
名流超薄避孕套小号紧绷情趣安全套大颗粒男用套套成人性用品byt,69.0,上海,5
Durex杜蕾斯避孕套超小号持久安全套情趣紧型装8只*3润滑成人黄金,109.0,上海,0
【自营】日本冈本避孕套003白金超薄3片延时男用成人套套安全套,39.0,上海,40
冈本狼牙颗粒避孕套冰粒粒男用女士正品安全套冰感旗舰店官方薄荷,45.0,上海,100
名流玻尿酸狼牙避孕套带刺大颗粒g点安全套棒男用正品旗舰店官方,39.0,上海,200
双珠避孕套情趣异形性兽男用加粗加长女口娇入珠大颗粒狼牙安全套,30.9,北京,100
003新品】第六感避孕套玻尿酸超薄001超润薄超滑安全套男用套套QD,25.9,浙江,400
延时避孕安全套持久装防早泄装射男女士专用情趣官方正品旗舰店套,9.9,广东,600
正品清早玻尿酸避孕套118只水洗益肤超薄光面型水溶性安全套包邮,160.0,广东,36
丽润爱液体安全套女用避孕膜纸栓女性专用隐形超薄安全套隐形凝胶,138.0,广东,66
赤尾无储避孕套001玻尿酸安全套超薄裸入子宫帽神器正品铂金男用,128.0,广东,65
双珠避孕套男用性兽加粗狼牙套震动安全套送女性调情专用情趣丝袜,35.0,江苏,100
名流玻尿酸避孕套超薄正品100只装水溶性大盒安全套套子男用byt,225.0,湖南,4
杜蕾斯一箱love10大胆爱3三只装避孕套安全套100支装酒店宾馆批发,32.9,湖北,42
杜蕾斯避孕安全套超薄裸入男用套套正品tt官方旗舰店官网计生用品,39.9,浙江,100
冈本Mega BigBoy加大特大号避孕套男大码安全套XL抽插阔度56-72mm,68.0,上海,100
美国key玻尿酸超薄尖叫魔盒情趣避孕套爽冰火刺激成人用安全套nm,99.0,广东,82
杜蕾斯避孕套超薄AIR安全套男用女士避润专用颗粒官方正品旗舰店,48.9,上海,200
倍力乐加厚避孕套物理延时超厚男用持久装安全套旗舰店延迟不射,19.9,广西,100
涩井进口避孕套超薄型0.01男用情趣女官方正品学生润滑专用安全套,128.0,广东,79
杜蕾斯避孕套超薄裸入安全套女男士专用正品官方旗舰店官网避育tt,75.9,江苏,76
名流之夜玻尿酸避孕套正品旗舰店安全套超薄裸入女士专用调情批发,50.0,广东,100
sagami相模002L幸福0.02mm超薄避孕套大码极薄非乳胶安全套10只装,92.8,浙江,83
倍力乐避孕套男情趣带刺狼牙棒安全g点大颗粒变态成人情趣性用品,30.8,广东,17
名流避孕套45mm超紧特小号20mm男用安全套紧绷超薄持久装防早泄射,9.9,广东,800
名流避孕套子超薄001大盒水qq玻尿酸100只安全男用水溶性免洗正品,68.0,广东,92
DB玻尿酸安全套持久装延时男用液体超薄女用防早泄早泄0.01避孕套,49.9,广东,100
杰士邦避孕套零感超薄隐形安全套001男用持久正品官方旗舰店裸入,39.9,广东,200
没完没了延时持久装正品旗舰店避孕套安全套套男用超薄狼牙大颗粒,33.0,安徽,100
名流避孕套男女士专用调情狼牙棒安全套g点大颗粒官方旗舰店正品t,30.9,江苏,100
杜蕾斯超薄避孕套量贩100只家庭装官方正品byt经典激爽情趣安全套,109.9,上海,15
杜蕾斯持久装特小号避孕套20防早泄延时安全套超紧45mm49男超薄款,29.9,上海,82
爱丫丫避孕套118只装超薄玻尿酸安全套001免洗成人情趣光面型水多,150.0,浙江,44
日冈本001超薄避孕套罔本0.01安全套中号大号幸福相摸纲本非乳胶,36.8,上海,100
舒仕小黑裙玻尿酸避孕套100只装安全套子超薄避免舒适男用避阴套,80.0,江苏,79
避孕套延时持久装防早泄男用超薄0.01情趣安全套加粗加长兽性TTG,119.0,浙江,46
名流MO玻尿酸避孕套超薄正品旗舰店男用女持久安全套情趣用品CQ,59.8,广东,41
情趣避孕套高潮异形带刺狼牙套g点螺纹大颗粒刺激震动男用安全套,30.9,山西,100
大卫安全避孕套超薄正品官方旗舰店男用开心持久装神器女士专用tt,71.8,陕西,100
杰士邦避孕套白金持久装超薄男用安全套正品官方旗舰店情趣套套,69.0,浙江,500
杜蕾斯避孕套持久装防早泄安全套男用润超薄官方正品旗舰店官网tt,34.9,浙江,1000
杰士邦零感避孕安全套超薄裸入003玻尿酸润滑官方网男正品旗舰店,89.9,浙江,2
冈本003白金超薄0.01裸入隐形避孕安全套男女士专用官方正品旗舰,299.0,浙江,4
冈本旗舰店0.02系列避孕套超薄2片装套套男女用安全套套避育套byt,49.9,上海,70
冈本避孕套超薄颗粒官方旗舰店情趣超润滑男女性专用持久安全套套,49.8,安徽,58
名流避孕套超薄安全套子螺纹大颗粒情趣男用开心持久0.01小号异形,36.9,山西,10
杜蕾斯超薄避孕套男用持久装防早泄情趣隐形安全套官网正品旗舰店,48.9,山西,5
名流MO玻尿酸避孕套安全套10只*1盒情趣颗粒超薄润滑003男用女用,60.0,上海,33
杰士邦避孕套紧型超薄进口小号套超薄情趣安全套成人用品12只,48.9,上海,94
第六感避孕套冰火一体24只 超薄安全套男用计生女夫妻成人用品,39.9,上海,23
杰士邦避孕套超薄大颗粒22只情趣安全套带刺颗粒成人用品性用品,69.9,上海,17
杰士邦避孕套经典超薄34只安全套超薄超润男用成人性用品夫妻房事,69.9,上海,24
Durex杜蕾斯避孕套紧绷型小号持久延时安全套成人情趣8只天然胶乳,42.0,上海,2
名流MO玻尿酸避孕套 超薄水溶性润滑安全套男用女用情趣成人用品,18.9,上海,100
杰士邦敢做敢爱10只装超薄安全套成人避孕套正品官方计生情趣空气,25.0,上海,9
【会员专享15.9】名流MO玻尿酸润滑超薄避孕套男女用003安全套,15.9,上海,100
杜蕾斯超薄避孕套裸入持久装官方旗舰店延迟延时苯佐卡因安全套tt,38.8,上海,200
避孕套男加粗加长狼牙套异形带震动环女性专用调口娇情趣安全性兽,19.9,江苏,400
slm舒乐美小鸟玻尿酸避孕套100只装正品超薄001水溶性免洗安全套,65.0,浙江,100
冈本001避孕套超薄裸入安全套男女士专用情趣神器官方旗舰店正品,134.9,广东,200
第六感旗舰店冰火两重天避孕套一体男用情趣狼牙棒安全套官方正品,45.9,江苏,300
杜蕾斯活力装2只装避孕套男女用情趣安全套性用品酒店宾馆批发,129.0,广东,17
名流之夜天使小叶玻尿酸避孕套超薄0.01水溶性免洗正品安全套子ls,50.0,上海,65
避孕套特小号45mm紧绷型超薄大颗粒狼牙安全套男用49mm持久防早泄,33.9,江西,200
日本幸福相模001超薄型避孕套安全套学生男女冈本正品代购旗舰店,55.0,日本,61
名流旺旺玻尿酸避孕套超薄001润滑免洗紧绷小号49mm男用安全套子,80.0,上海,67
【微商爆款】正品初感避孕套超薄0.01玻尿酸001旗舰店持久安全套,78.0,浙江,58
大象延时避孕套男用持久装防早泄正品旗舰店安全套官方加厚防早射,35.0,广东,100
杜蕾斯避孕套小号男用紧型紧绷安全套49mm旗舰店官方正品官网byt,33.9,上海,300
名流之夜水多多玻尿酸避孕套超薄正品旗舰店女士专用调情安全套帽,19.9,广东,600
杰士邦小号避孕套延时持久装防早泄男用安全套正品旗舰店官方套套,39.9,广东,100
名流安全避孕套男用超薄女性正品旗舰店持久装神器狼牙小号套调情,25.9,广东,200
印度神油延时避孕套持久装防早泄安全套男用超薄专用女调情加长tt,9.8,安徽,800
杜蕾斯避孕套正品超薄0.01持久装男用安全套性兽旗舰店官方女套,18.8,福建,700
名流玻尿酸避孕套润滑超薄0.01金名流美人鱼小号49mm水溶性安全套,200.0,安徽,29
超薄延时避孕套裸入001持久装安全套颗粒男用神器异形女非防早泄,33.9,上海,400
第六感49mm特小号避孕套紧型超薄紧绷男用安全套正品官方旗舰店20,19.9,江苏,200
美国进口特洛伊特大号超薄安全套加长加粗大超大码极薄避孕套75mm,128.0,北京,36
mega bigboy冈本XL超大号象头部46mm直径特大码安全套加大避孕套,68.0,浙江,86
无油口交避孕套100只装超薄001紧绷小号49mm光面医用口口娇服务套,25.0,福建,32
SLM舒乐美玻尿酸避孕套128只装超薄光面水溶性透明质酸安全套包邮,150.0,广东,38
名流之夜天使小叶玻尿酸避孕套超薄0.01水溶性免洗安全套子100只,50.0,福建,100
名流玻尿酸避孕套超薄裸入001男士专用正品官方旗舰店安全套子女,43.9,上海,200
倍力乐医用手指套les避孕套女性专用情趣高潮抠抠拉拉qq扣扣男用,30.9,江苏,100
SLM舒乐美玻尿酸避孕套128只装柔软至薄光面型透明质酸小号安全套,150.0,广东,40
名流之夜避孕套超薄正品旗舰店玻尿酸100只安全套子男水多多大盒,35.0,上海,100
杜蕾斯避孕套经典激爽超薄安全套持久装延时情趣男用套套官方正品,74.8,广东,200
包邮 日本版冈本003白金透明质酸芦荟黄金乳胶安全套避孕套中大号,62.0,上海,56
包邮 日本版冈本003白金透明质酸芦荟黄金乳胶安全套避孕套中大号,62.0,上海,56
durex 安全避孕保险套套子超薄雷杜蕾斯丝bytt成人性用正品店旗舰,32.9,湖北,95
倍力乐手指套扣扣套避孕指爱套qq情趣用品女士专用调情口交套拉拉,15.9,广东,400
成人杜蕾斯旗舰店官方官网超薄001byt避孕套男用air空气套安全套,149.0,广东,34
涩井 避孕套 安全套 001超薄避孕套 0.01玻尿酸套套 计生用品女用,128.0,浙江,100
sagami相模002超薄避孕套安全套20只装*3盒成人情趣用品男用日本,460.0,浙江,25
杰士邦零感超薄避孕套003至薄隐形10只安全套情趣男女用性用品,49.0,浙江,19
杰士邦情趣颗粒超薄持久避孕安全套神器男女士专用官方正品旗舰店,299.0,浙江,1
【会员专享】冈本避孕套超薄透薄无感8片官方旗舰店正品成人男性,119.0,安徽,13
【冈本胶乳003】冈本0.03超薄避孕套男用正品安全套旗舰店裸入tt,109.0,安徽,11
名流45mm超小号避孕套紧绷型超薄特小迷你男用学生超紧安全套套29,32.9,山西,23
名流MO玻尿酸水溶避孕套超薄裸入男用001安全套正品旗舰店官方byt,42.9,山西,33
第六感避孕套安全套保险套 超薄螺纹24只避孕套情趣成人性用品g点,49.9,上海,41
杜蕾斯避孕套AiR隐薄空气套3只*1盒超薄润滑成人情趣用品安全套,45.0,上海,100
菲罗尼亚避孕套001莹润超薄2只*4盒非乳胶安全套套情趣男用裸入感,139.0,上海,4
避孕套超薄15只001润滑不过敏非乳胶安全套男用裸入情趣官方正品,219.0,上海,6
名流超薄002丝滑透薄30只*1盒+MO玻尿酸9只*1盒装情趣避孕套,79.9,上海,7
杰士邦进口3D动感大颗粒避孕套异形带刺成人安全套正品情趣持久,25.0,上海,0
001超薄隐形玻尿酸避孕套零感男用持久装防早泄裸入安全女士专用,19.9,广东,23
杰士邦安全套避孕套男性黄金持久装防非早泄超薄非延时正品旗舰店,59.0,湖南,100
杰士邦延时避孕安全套男用持久装防早泄狼牙棒情趣正品旗舰店官方,58.0,广东,76
Durex杜蕾斯避孕套超薄贴合体验大号安全套大号套男用情趣30只装,119.0,浙江,33
延时避孕套男加长安全套女士专用调情趣用品持久装防早泄神器正品,19.9,安徽,100
名流小鸟玻尿酸避孕套男超薄油量大润滑水溶安全套情趣正品套子,228.0,湖南,27
尚牌水公主玻尿酸避孕套超薄0.01安全套子免洗裸入官方旗舰店正品,50.0,福建,36
羞羞哒水光套避孕套超薄003玻尿酸男用安全套隐形官方正品9只装女,59.0,广东,95
名流之夜玻尿酸避孕套超薄0.01安全套子100只装水溶性免洗男正品,50.0,福建,100
杜蕾斯情趣持久延时型避孕套凸点螺纹大颗粒男用安全套官网正品tt,79.9,江苏,51
名流口交套100只装超薄无油无味女用口娇膜吹男用情趣安全避孕套,25.0,浙江,200
加入会员专享5折【小情趣系列】大象避孕套超薄情趣颗粒安全套,69.9,北京,500
第六感螺纹超薄避孕套男士专用狼牙棒情趣避育安全套g点大颗粒byt,30.9,江苏,300
杜蕾斯避孕套001男士狼牙套带刺大颗粒阴茎套超鸟情趣用品安全套,112.0,福建,24
名流之夜避孕套超薄100只装0.01套子男安全套润滑油多大油量大盒,35.0,上海,71
加厚避孕套持久装防早泄男用品早射不超厚型10mm20成人计生安全套,30.0,上海,200
杜蕾斯避孕套持久装情趣延时迟颗粒螺纹官方旗舰店官网安全套男用,36.9,上海,200
男加长加粗避孕套情趣用品增大变态异形狼牙棒女士专用调情安全套,35.0,浙江,100
杰士邦避孕套女士专用调情零感超薄持避育久男旗舰官方正品安全套,36.9,湖南,100
薄爱水润皇后玻尿酸100只避孕套超薄001安全套子水溶免洗正品包邮,95.0,江西,60
名流fama避孕套118只装玻尿酸超薄法马油量大易清洗果冻安全套100,240.0,上海,44
酒店批发100只装玻尿酸避孕套超薄大油量安全套男官方旗舰店正品,260.0,江苏,22
001超薄安全避孕套持久装防早泄男用品延时套套裸入专用女调情趣,39.0,广东,100
大象避孕套超薄胶乳002安全套比003更薄更柔成人计生男用情趣套套,79.0,北京,100
杰士邦49MM小号紧型超薄零感避孕套紧绷安全套防脱落byt正品男用,24.9,湖北,100
杜蕾斯小号49mm避孕套紧型装男31mm紧绷超薄安全套狼牙套加长加粗,39.0,江苏,100
正品爱丽丝避孕套100只装安全套油量大桑拿超薄超润byt10成人用品,28.8,广东,100
杰士邦避孕安全套黄金持久装男女用延时迟防早泄官方正品旗舰店RV,29.0,广东,300
尚牌避孕套100只装超薄油量大润滑油多性官方 旗舰店安全套子超滑,60.0,江苏,76
零感001杰士邦旗舰店避孕套超薄0.01安全套套男用正品官网RV,49.0,广东,92
加长加粗狼牙套带刺大颗粒避孕套加厚型安全套男用超厚避育帽10mm,35.0,广东,100
原装正品尚牌水公主玻尿酸避孕套100只装超薄免洗安全套套子0.01,100.0,广东,48
舒仕小黑裙超薄001避孕套薄爱玻尿酸100只装安全套水溶性免洗套子,80.0,江西,68
SLM舒乐美玻尿酸避孕套118只装超薄光面水溶性安全套免洗方林包邮,150.0,广东,33
名流延时避孕套超薄裸入男女士专用调情持久装正品旗舰店安全套套,30.0,广东,200
日本幸福sagami001超薄安全套进口非乳胶极薄避孕套持久装zy,69.0,北京,54
名流水多多玻尿酸避孕套100只装超薄0.01避育套正品安全套子男zx,35.0,上海,200
名流水多多避孕套玻尿酸安全套100只装超薄0.01套子夜场免洗正品,100.0,福建,66
杜蕾斯超薄0.01避孕套情趣男狼牙螺纹大颗粒安全套旗舰店官方正品,47.9,江苏,200
冈本超薄001超润滑避孕套安全套男士专用裸入0.01官方正品旗舰店,149.0,浙江,100
杜蕾斯避孕套凸点螺纹g点大颗粒安全套正品官方旗舰店狼牙情趣装t,37.9,浙江,900
杰士邦零感避孕安全套超薄裸入003玻尿酸润滑官方男用正品旗舰店,49.0,浙江,68
第六感避孕安全套延时迟情趣男女士用持久装防早泄官方正品旗舰店,31.0,浙江,200
【热卖】避孕套超薄男用冈本官方正品旗舰店安全套避育套套,89.0,安徽,29
【热卖】避孕套超薄男用冈本官方正品旗舰店安全套避育套专用001,79.0,安徽,29
名流避孕套超薄安全套玻尿酸情趣男用持久0.01异形正品旗舰店官方,39.9,山西,10
名流口娇套超薄无油女性专用口吹服务套爽口安全避孕套情趣舔阴膜,30.0,山西,14
避孕套超薄001女士专用润滑12只+芦荟12只装安全套非乳胶情趣男用,399.0,上海,6
杰士邦避孕套动感大颗粒情趣安全套超薄带刺g点成人用品男用10只,24.9,上海,900
冈本避孕套冰粒组合003白金超薄6片+情趣冰粒粒10片+激薄5共21片,129.0,上海,5
杜蕾斯避孕套Love大胆爱吧10只+超薄金装隐feel3只组合装安全套,57.8,上海,15
诺丝避孕套挚爱装16只/盒超薄润滑套套成人果香情趣用品安全套byt,49.0,上海,100
狼牙棒男用变态超厚避孕套安全套持久装情趣成人用品女士专用神器,39.0,广东,99
毓婷 避孕套超薄带颗粒安全套 男女用G点情趣中号套套成人性用品,39.9,北京,400
避孕套男用超薄润滑狼牙颗粒女性专用调情震动口娇高潮情趣组合装,19.8,安徽,80
日本进口幸福001冈本001相模001避孕套非乳胶安全套聚氨酯避孕套,98.0,浙江,33
延时避孕套男用持久装防早泄正品安全情趣锁精环女士专用加长神器,19.9,安徽,100
杜蕾斯避孕套送丝袜男用苯佐卡因延时情趣安全套持久装防早泄正品,29.9,广东,100
金名流玻尿酸避孕套超薄0.01润滑免洗大盒包装安全套子正品旗舰店,128.0,上海,14
名流巨补水超薄避孕套0.01玻尿酸油量大安全套原装正品批发情趣套,118.68,江西,49
杰士邦黑金超凡避孕套男性持久不射安全套男用延迟延长时间性用品,59.9,江苏,100
延时避孕套持久装防早超薄螺纹大颗粒男用异形狼牙套安全套情趣泄,39.9,上海,100
赤尾避孕套超薄无储精囊铂金玻尿酸女用安全套男性情趣计生用品,69.0,广东,67
杰士邦避孕套超薄裸入安全套男用持久装防早泄射官方正品旗舰店XL,49.0,湖北,95
名流之夜天使小叶玻尿酸避孕套超薄0.01水溶性免洗安全套子100只,14.9,广东,200
日本原装相模001超薄sagami幸福0.01避孕套安全套5只装三盒装现货,225.0,上海,18
杰士邦水性人体润滑剂液调情玻尿酸水溶性油避孕套夫妻用品旗舰RM,69.0,上海,52
杰士邦零感避孕套超薄裸入001男士专用正品旗舰店安全套神器套套,35.9,河南,100
冈本超薄安全避孕套003粉金玻尿酸超润滑001无储精囊透明质酸byt,39.9,广东,54
名流避孕套0.01超薄安全套子螺纹大颗粒男用女用情趣组合大礼包tt,29.8,上海,100
名流避孕套0.01超薄安全套子螺纹大颗粒男用女用情趣组合大礼包tt,29.8,上海,100
中国双一避孕套003安全套正品超薄裸入旗舰店男女士调情趣专用,24.8,广东,47
王思聪同款日本0.01mm幸福相模001超薄避孕套sagami极无硅油安全,52.0,浙江,20
名流玻尿酸HA避孕套118只装超薄水溶性免洗安全套子大盒透明质酸,110.0,上海,25
杜蕾斯紧型超薄避孕套小号安全套男紧绷情趣装旗舰店官方,59.9,上海,55
杰士邦水性人体润滑剂油液体男用品成人情趣女士避孕套官方官网ZC,29.9,广东,100
避孕套持久装延时超薄0.01情趣专用安全套高潮tt男用女性计生mj,34.9,上海,800
倍力乐聚氨酯001避孕套情趣安全套超薄裸入隐形男女士专用调情帽,39.9,广东,200
金名流美人鱼玻尿酸避孕套118只装大盒超薄正品安全套水润免洗ls,200.0,上海,18
避孕套冈本001情趣超薄男用安全套套官方旗舰店正品延时持久byt,34.9,江苏,100
原装正品玩美玻尿酸避孕套88只装超薄水溶性润滑安全套免洗100byt,38.0,广东,82
赤尾超薄玻尿酸避孕套带刺狼牙棒大颗粒g点安全套男女情趣用品套,49.0,广东,100
杜蕾斯避孕套持久装延时官方旗舰店安全套延迟男用醉清风正品byt,61.9,上海,93
名流口交套100只装超薄无油无味女用口娇膜吹男用情趣安全避孕套,13.8,浙江,400
爱善天使俏妃优感觉新日期23个玻尿酸避孕套超薄润赤尾无硅油正品,175.0,江西,25
美国VCF进口避孕膜零感避孕套女士专用调情液体正品旗舰店安全,228.0,美国,33
薄爱新贵玻尿酸避孕套118只装免洗超薄多油量博爱小黑裙100安全套,200.0,浙江,38
杜蕾斯超薄避孕套001正品官方旗舰店官网安全套避育用t男用醉清风,63.9,上海,100
名流fama玻尿酸避孕套多油超薄0.01水溶免洗套套安全套正品旗舰店,31.5,湖北,100
杜蕾斯避孕套持久装防早泄男用延迟女用高潮套套超薄安全套延时射,28.8,上海,300
冈本避孕套日本进口超薄SKIN激薄 10片岗本0.01旗舰店官网岗本byt,31.9,上海,100
薄爱新妆玻尿酸避孕套120只装0.01超薄正品水溶性免洗安全套套子,180.0,广东,23
okamoto冈本002EX超薄避孕套安全套标准款12只装进口大号情趣用品,72.0,浙江,100
okamoto冈本001避孕套安全套大码200%润滑2盒6只0.01套套计生用品,88.0,浙江,200
名流小号49mm玻尿酸润滑超薄避孕套紧绷型男正品旗舰店官方安全套,39.0,广东,200
冈本超薄避孕安全套001隐形裸入男女士专用003正品官方旗舰店bytt,39.9,浙江,100
冈本旗舰店透薄系列避孕套甄选超薄套套情趣成人用品男用,56.9,安徽,14
名流避孕套超薄0.01螺纹大颗粒安全套男用正品旗舰店byt带刺狼牙.,32.9,山西,23
杜蕾斯避孕套love大胆爱吧装10只男用润滑情趣型安全套官方正品tt,39.9,山西,4
冈本旗舰店正品超薄透薄避孕套男用套安全套超润滑套套byt避育套,109.0,安徽,7
名流避孕套小号紧绷4合1组合成人情趣用品超薄润滑24只安全套003,39.9,上海,100
避孕套超薄15只001润滑+芦荟款非乳胶安全套情趣女士专用裸入大号,219.0,上海,4
菲罗尼亚避孕套001莹润超薄4只非乳胶安全套套情趣男用不致敏裸入,89.0,上海,2
杜蕾斯避孕套 超薄装18只 加倍润滑安全套成人用品性用品,79.0,上海,46
杰士邦零感003玻尿酸超薄避孕套女性专业安全套男避孕套6只装,69.9,上海,4
杜蕾斯避孕套润滑液剂油男用超薄安全套组合装套装旗舰店官方正品,39.9,广东,83
杰士邦g点动感3D大颗粒凸点情趣避孕套男士专用带刺狼牙棒安全套,44.9,上海,100
日本进口sagami相模002幸福1安全套非乳胶防过敏超薄避孕套20只装,173.0,广东,35
名流避孕套超薄0.01正品润滑大油量男女用100只装大盒装安全套子,39.0,上海,54
名流之夜天使小叶玻尿酸避孕套超薄0.01水溶性免洗安全套子100只,50.0,湖北,77
control持久延时避孕套防早泄凸点螺纹情趣安全套官方正品旗舰店,95.9,四川,76
大象玻尿酸避孕套001超薄裸入女士专用调情女性专用口娇套高潮tt,29.9,北京,300
大象大号55mm避孕套001超薄型65安全套58男专用56加大60大尺寸58,36.9,上海,73
日本进口冈本002大号中号超薄避孕套12只装幸福002避孕套,66.0,广东,94
control持久延时避孕套防早泄凸点螺纹情趣安全套官方正品旗舰店,95.9,四川,76
大象玻尿酸避孕套001超薄裸入女士专用调情女性专用口娇套高潮tt,29.9,北京,300
大象大号55mm避孕套001超薄型65安全套58男专用56加大60大尺寸58,36.9,上海,73
日本进口冈本002大号中号超薄避孕套12只装幸福002避孕套,66.0,广东,94
杜蕾斯加厚小号避孕套男用紧致型49mm超紧延时持久装防早泄45特tt,32.9,广东,100
名流超小号避孕套紧绷超薄45mm特小号20mm大颗粒男用安全套49持久,32.9,江西,100
杜蕾斯大号避孕套55超薄型60安全套54大码56mm加大58正品65旗舰店,39.9,上海,92
第六感避孕套避超薄男用持久装防早安全套情趣官方旗舰店正品官网,35.0,上海,300
杰士邦玻尿酸水性人体润滑剂液油私处水基女士专用调情避孕套用品,29.9,上海,100
名流避孕套大盒100只装宾馆酒店批发专用 果味安全套情趣用品,14000.0,北京,1
名流之夜水多多玻尿酸避孕套女士专用正品旗舰店安全套超薄100只,35.0,广东,100
避孕套振动棒安全套狼牙带刺大颗粒持久装防早泄带震动环情趣用品,29.9,广东,200
舒仕小黑裙玻尿酸避孕套100只装水溶性安全套 易清洗无残留水晶鞋,80.0,广东,44
第六感冰火两重天一体避孕套薄荷味第6感超薄男情趣安全套调情WW,30.9,广东,100
【量贩100只】家庭装杰士邦避孕安全套超薄裸入官方正品旗舰店tt,69.9,广东,49
中国双一五福国潮风避孕套安全套旗舰店正品超薄男女士调情趣专用,21.0,广东,78
第六感超薄情趣狼牙避孕套女持久装防早泄男用正品官方旗舰店安全,35.9,江苏,200
杰士邦避孕套持久装防早泄男用情趣异形狼牙神器安全套正品旗舰店,30.9,上海,100
杜蕾斯避孕套延时持久装防早泄超薄裸入女士专用安全套正品旗舰店,59.9,广东,63
爱丽丝避孕套光面100只装正品避孕安全套套超薄润油型油量大套子,28.8,广东,200
名流之夜玻尿酸避孕套超薄0.01正品100水溶免洗安全套子男女,200.0,湖南,16
中国双一润系列避孕套001超薄安全套零感润滑持久套套裸入聚氨酯t,59.0,广东,100
震动避孕套男用螺纹大颗粒女性高潮专用情趣异形带刺狼牙套安全套,19.0,江苏,300
诺丝延时避孕套超霸持久装防早泄男用先生官方旗舰店正品用安全套,49.8,上海,66
爱丽丝避孕套400只装批发安全套光面型成人用品超薄大油量套子,135.0,浙江,41
名流避孕套超薄玻尿酸油量大润滑100只原装正品男女用安全套子001,50.0,江西,64
名流之夜玻尿酸避孕套男超薄0.01水溶性免洗安全套子正品100只装,50.0,福建,53
杜蕾斯避孕套超薄0.01男用持久成人用品带刺情趣狼牙套正品安全套,30.9,浙江,100
毓婷避孕套超薄 情趣型 男用byt避育套安全套带润滑g点套颗粒套餐,9.9,北京,300
尚牌水公主玻尿酸避孕套超薄0.01水溶性免洗100只装大盒安全套子,50.0,福建,83
名流玻尿酸避孕套超薄001原装正品100只无油避y套男大盒批发套套,235.0,安徽,12
okamoto冈本001避孕套超薄0.01安全套3只装*3盒男用成人情趣用品,142.0,浙江,100
sagami相模0.02避孕套002安全套润滑超薄10只装成人用品日本套套,89.0,浙江,100
【阿里健康自营】SKYN极肤肤感薄异戊二烯合成避孕套6只装,99.9,浙江,2
冈本003持久避孕安全套001超薄裸入隐形男女士专用官方正品旗舰店,79.9,浙江,13
第六感超薄裸入正品避孕套套男用情趣避润育安全套神器中号60只装,39.9,山西,6
杜蕾斯男用安全避孕套激爽超薄润滑001情趣tt螺纹成人用品安全套,58.9,山西,2
清仓冈本003超润滑超薄避孕套正品旗舰店安全套套日本进口0.03女,69.0,上海,5
杜蕾斯避孕套 AiR隐薄空气套6只 超薄新体验成人用品性用品安全套,79.0,上海,16
进口诺丝避孕套12只 颗粒套套成人情趣性用品带刺阴蒂刺激安全套,49.9,上海,27
情趣避孕套超薄男用安全套带刺高潮g点大颗粒狼牙棒计生用品18只,29.9,上海,100
菲罗尼亚避孕套001超薄体温款1只*5盒非乳胶安全套情趣男用裸入感,89.0,上海,1
冈本旗舰店SKIN至尊避孕套超薄10片装男用持久润滑情趣性用品byt,44.8,安徽,6
冈本旗舰店 SKIN至尊激薄8片装超薄紧型避孕套男用成人情趣性用品,39.0,安徽,8
杰士邦避孕套持久装防早泄男用情趣异形狼牙神器安全套正品旗舰店,30.9,上海,100
杜蕾斯避孕套延时持久装防早泄超薄裸入女士专用安全套正品旗舰店,59.9,广东,63
爱丽丝避孕套光面100只装正品避孕安全套套超薄润油型油量大套子,28.8,广东,200
名流之夜玻尿酸避孕套超薄0.01正品100水溶免洗安全套子男女,200.0,湖南,16
中国双一润系列避孕套001超薄安全套零感润滑持久套套裸入聚氨酯t,59.0,广东,100
震动避孕套男用螺纹大颗粒女性高潮专用情趣异形带刺狼牙套安全套,19.0,江苏,300
诺丝延时避孕套超霸持久装防早泄男用先生官方旗舰店正品用安全套,49.8,上海,66
爱丽丝避孕套400只装批发安全套光面型成人用品超薄大油量套子,135.0,浙江,41
名流避孕套超薄玻尿酸油量大润滑100只原装正品男女用安全套子001,50.0,江西,64
名流之夜玻尿酸避孕套男超薄0.01水溶性免洗安全套子正品100只装,50.0,福建,53
杜蕾斯避孕套超薄0.01男用持久成人用品带刺情趣狼牙套正品安全套,30.9,浙江,100
毓婷避孕套超薄 情趣型 男用byt避育套安全套带润滑g点套颗粒套餐,9.9,北京,300
尚牌水公主玻尿酸避孕套超薄0.01水溶性免洗100只装大盒安全套子,50.0,福建,83
名流玻尿酸避孕套超薄001原装正品100只无油避y套男大盒批发套套,235.0,安徽,12
okamoto冈本001避孕套超薄0.01安全套3只装*3盒男用成人情趣用品,142.0,浙江,100
sagami相模0.02避孕套002安全套润滑超薄10只装成人用品日本套套,89.0,浙江,100
【阿里健康自营】SKYN极肤肤感薄异戊二烯合成避孕套6只装,99.9,浙江,2
冈本003持久避孕安全套001超薄裸入隐形男女士专用官方正品旗舰店,79.9,浙江,13
第六感超薄裸入正品避孕套套男用情趣避润育安全套神器中号60只装,39.9,山西,6
杜蕾斯男用安全避孕套激爽超薄润滑001情趣tt螺纹成人用品安全套,58.9,山西,2
清仓冈本003超润滑超薄避孕套正品旗舰店安全套套日本进口0.03女,69.0,上海,5
杜蕾斯避孕套 AiR隐薄空气套6只 超薄新体验成人用品性用品安全套,79.0,上海,16
进口诺丝避孕套12只 颗粒套套成人情趣性用品带刺阴蒂刺激安全套,49.9,上海,27
情趣避孕套超薄男用安全套带刺高潮g点大颗粒狼牙棒计生用品18只,29.9,上海,100
菲罗尼亚避孕套001超薄体温款1只*5盒非乳胶安全套情趣男用裸入感,89.0,上海,1
冈本旗舰店SKIN至尊避孕套超薄10片装男用持久润滑情趣性用品byt,44.8,安徽,6
冈本旗舰店 SKIN至尊激薄8片装超薄紧型避孕套男用成人情趣性用品,39.0,安徽,8
第六感避孕套避超薄男用持久装防早安全套情趣官方旗舰店正品官网,35.0,上海,300
避孕套杜蕾斯0001男用旗舰店官方正品女士专用调情安全套超薄裸入,55.9,广东,100
【持久颗粒】杰士邦安全避孕套持久装防早泄延时男用狼牙旗舰店RV,29.0,广东,100
尚牌玻尿酸女王归来避孕套超薄0.01正品避y套水溶性免洗安全套子,200.0,安徽,26
SIKI私激大满贯水薄系列玻尿酸避孕套超薄003男用tt无硅油组合装,66.0,浙江,100
名流避孕套螺纹by男用安全套持久装超薄防早泄锁精女士专用调情趣,9.9,上海,700
避孕套男用超薄0.01调情趣女性专用口娇避阴安全套帽带震动环神器,49.9,江苏,100
【屈臣氏】杜蕾斯超薄AiR隐薄空气16只避孕套男用女情趣安全套tt,230.9,江苏,8
尚牌避孕套魅惑女王128只装男用100只超薄正品原装进口安全套ck,130.0,江苏,27
尚牌好运连连玻尿酸避孕套超薄透明质酸100只装水溶性免洗套套子,138.0,江苏,24
名流延时男用品持久装防早泄延迟不射脱敏训练性情趣防早射避孕套,68.0,山东,91
杰士邦正品安全避孕套超薄零感001持久装防早泄男用旗舰店裸入女,49.9,广东,1000
杰士邦避孕套持久装防早泄男用大颗粒狼牙棒安全套正品旗舰店神器,30.9,上海,100
日本新款冈本物理延时安全套极厚0.12MM纯黑色超加厚防早泄避孕套,75.0,广东,66
杰士邦避孕套黄金持久装防早超薄男用延时安全套正品旗舰店安全泄,59.0,江苏,90
日本进口相模002超薄避孕套0.02L中号大号极薄非乳胶聚氨酯安全套,75.0,广东,47
玻尿酸避孕套100只装诗诺安全套套子免洗超薄003光面无味128好洗,60.0,浙江,98
中国双一润系列避孕套001超薄安全套零感润滑持久套套裸入聚氨酯t,59.0,广东,100
震动避孕套男用螺纹大颗粒女性高潮专用情趣异形带刺狼牙套安全套,19.0,江苏,300
诺丝延时避孕套超霸持久装防早泄男用先生官方旗舰店正品用安全套,49.8,上海,66
爱丽丝避孕套400只装批发安全套光面型成人用品超薄大油量套子,135.0,浙江,41
名流避孕套超薄玻尿酸油量大润滑100只原装正品男女用安全套子001,50.0,江西,64
名流之夜玻尿酸避孕套男超薄0.01水溶性免洗安全套子正品100只装,50.0,福建,53
杜蕾斯避孕套超薄0.01男用持久成人用品带刺情趣狼牙套正品安全套,30.9,浙江,100
毓婷避孕套超薄 情趣型 男用byt避育套安全套带润滑g点套颗粒套餐,9.9,北京,300
尚牌水公主玻尿酸避孕套超薄0.01水溶性免洗100只装大盒安全套子,50.0,福建,83
名流玻尿酸避孕套超薄001原装正品100只无油避y套男大盒批发套套,235.0,安徽,12
【持久颗粒】杰士邦安全避孕套持久装防早泄延时男用狼牙旗舰店RV,29.0,广东,100
尚牌玻尿酸女王归来避孕套超薄0.01正品避y套水溶性免洗安全套子,200.0,安徽,26
SIKI私激大满贯水薄系列玻尿酸避孕套超薄003男用tt无硅油组合装,66.0,浙江,100
名流避孕套螺纹by男用安全套持久装超薄防早泄锁精女士专用调情趣,9.9,上海,700
okamoto冈本001避孕套超薄0.01安全套3只装*3盒男用成人情趣用品,142.0,浙江,100
sagami相模0.02避孕套002安全套润滑超薄10只装成人用品日本套套,89.0,浙江,100
【阿里健康自营】SKYN极肤肤感薄异戊二烯合成避孕套6只装,99.9,浙江,2
冈本003持久避孕安全套001超薄裸入隐形男女士专用官方正品旗舰店,79.9,浙江,13
第六感超薄裸入正品避孕套套男用情趣避润育安全套神器中号60只装,39.9,山西,6
杜蕾斯男用安全避孕套激爽超薄润滑001情趣tt螺纹成人用品安全套,58.9,山西,2
避孕套超薄15只001体温非乳胶安全套情趣男用不过敏15只裸入热感,219.0,上海,4
清仓冈本003超润滑超薄避孕套正品旗舰店安全套套日本进口0.03女,69.0,上海,5
杜蕾斯避孕套 AiR隐薄空气套6只 超薄新体验成人用品性用品安全套,79.0,上海,16
进口诺丝避孕套12只 颗粒套套成人情趣性用品带刺阴蒂刺激安全套,49.9,上海,27
情趣避孕套超薄男用安全套带刺高潮g点大颗粒狼牙棒计生用品18只,29.9,上海,100
冈本旗舰店SKIN至尊避孕套超薄10片装男用持久润滑情趣性用品byt,44.8,安徽,6
冈本旗舰店 SKIN至尊激薄8片装超薄紧型避孕套男用成人情趣性用品,39.0,安徽,8
避孕套杜蕾斯0001男用旗舰店官方正品女士专用调情安全套超薄裸入,55.9,广东,100
避孕套男用超薄0.01调情趣女性专用口娇避阴安全套帽带震动环神器,49.9,江苏,100
【屈臣氏】杜蕾斯超薄AiR隐薄空气16只避孕套男用女情趣安全套tt,230.9,江苏,8
尚牌避孕套魅惑女王128只装男用100只超薄正品原装进口安全套ck,130.0,江苏,27
尚牌好运连连玻尿酸避孕套超薄透明质酸100只装水溶性免洗套套子,138.0,江苏,24
名流延时男用品持久装防早泄延迟不射脱敏训练性情趣防早射避孕套,68.0,山东,91
杰士邦正品安全避孕套超薄零感001持久装防早泄男用旗舰店裸入女,49.9,广东,1000
杰士邦避孕套持久装防早泄男用大颗粒狼牙棒安全套正品旗舰店神器,30.9,上海,100
日本新款冈本物理延时安全套极厚0.12MM纯黑色超加厚防早泄避孕套,75.0,广东,66
杰士邦避孕套黄金持久装防早超薄男用延时安全套正品旗舰店安全泄,59.0,江苏,90
日本进口相模002超薄避孕套0.02L中号大号极薄非乳胶聚氨酯安全套,75.0,广东,47
玻尿酸避孕套100只装诗诺安全套套子免洗超薄003光面无味128好洗,60.0,浙江,98
正品烟花三月玻尿酸安全套108只果冻装避孕套润滑超薄多油量免洗,260.0,浙江,10
名流避孕套超薄0.01螺纹大颗粒100只装情趣带刺狼牙安全套震动男,30.9,山西,100
避孕套男加粗加长狼牙套女士送丝袜女性专用调情趣异形安全套口娇,30.9,江苏,100
名流之夜100只装超薄0.01避孕套男油量大安全套子玻尿酸正品批发,19.9,江苏,200
倍力乐震动组合避孕套振动棒震动环情趣安全套男用持久狼牙套带刺,34.9,广东,200
中国双一润系列避孕套001超薄安全套零感润滑持久套套裸入聚氨酯t,59.0,广东,100
震动避孕套男用螺纹大颗粒女性高潮专用情趣异形带刺狼牙套安全套,19.0,江苏,300
诺丝延时避孕套超霸持久装防早泄男用先生官方旗舰店正品用安全套,49.8,上海,66
爱丽丝避孕套400只装批发安全套光面型成人用品超薄大油量套子,135.0,浙江,41
名流避孕套超薄玻尿酸油量大润滑100只原装正品男女用安全套子001,50.0,江西,64
名流之夜玻尿酸避孕套男超薄0.01水溶性免洗安全套子正品100只装,50.0,福建,53
杜蕾斯避孕套超薄0.01男用持久成人用品带刺情趣狼牙套正品安全套,30.9,浙江,100
毓婷避孕套超薄 情趣型 男用byt避育套安全套带润滑g点套颗粒套餐,9.9,北京,300
尚牌水公主玻尿酸避孕套超薄0.01水溶性免洗100只装大盒安全套子,50.0,福建,83
名流玻尿酸避孕套超薄001原装正品100只无油避y套男大盒批发套套,235.0,安徽,12
【持久颗粒】杰士邦安全避孕套持久装防早泄延时男用狼牙旗舰店RV,29.0,广东,100
尚牌玻尿酸女王归来避孕套超薄0.01正品避y套水溶性免洗安全套子,200.0,安徽,26
SIKI私激大满贯水薄系列玻尿酸避孕套超薄003男用tt无硅油组合装,66.0,浙江,100
名流避孕套螺纹by男用安全套持久装超薄防早泄锁精女士专用调情趣,9.9,上海,700
okamoto冈本001避孕套超薄0.01安全套3只装*3盒男用成人情趣用品,142.0,浙江,100
sagami相模0.02避孕套002安全套润滑超薄10只装成人用品日本套套,89.0,浙江,100
【阿里健康自营】SKYN极肤肤感薄异戊二烯合成避孕套6只装,99.9,浙江,2
冈本003持久避孕安全套001超薄裸入隐形男女士专用官方正品旗舰店,79.9,浙江,13
第六感超薄裸入正品避孕套套男用情趣避润育安全套神器中号60只装,39.9,山西,6
杜蕾斯男用安全避孕套激爽超薄润滑001情趣tt螺纹成人用品安全套,58.9,山西,2
避孕套超薄15只001体温非乳胶安全套情趣男用不过敏15只裸入热感,219.0,上海,4
清仓冈本003超润滑超薄避孕套正品旗舰店安全套套日本进口0.03女,69.0,上海,5
杜蕾斯避孕套 AiR隐薄空气套6只 超薄新体验成人用品性用品安全套,79.0,上海,16
进口诺丝避孕套12只 颗粒套套成人情趣性用品带刺阴蒂刺激安全套,49.9,上海,27
情趣避孕套超薄男用安全套带刺高潮g点大颗粒狼牙棒计生用品18只,29.9,上海,100
冈本旗舰店SKIN至尊避孕套超薄10片装男用持久润滑情趣性用品byt,44.8,安徽,6
冈本旗舰店 SKIN至尊激薄8片装超薄紧型避孕套男用成人情趣性用品,39.0,安徽,8
避孕套杜蕾斯0001男用旗舰店官方正品女士专用调情安全套超薄裸入,55.9,广东,100
避孕套男用超薄0.01调情趣女性专用口娇避阴安全套帽带震动环神器,49.9,江苏,100
【屈臣氏】杜蕾斯超薄AiR隐薄空气16只避孕套男用女情趣安全套tt,230.9,江苏,8
尚牌避孕套魅惑女王128只装男用100只超薄正品原装进口安全套ck,130.0,江苏,27
尚牌好运连连玻尿酸避孕套超薄透明质酸100只装水溶性免洗套套子,138.0,江苏,24
名流延时男用品持久装防早泄延迟不射脱敏训练性情趣防早射避孕套,68.0,山东,91
杰士邦正品安全避孕套超薄零感001持久装防早泄男用旗舰店裸入女,49.9,广东,1000
杰士邦避孕套持久装防早泄男用大颗粒狼牙棒安全套正品旗舰店神器,30.9,上海,100
日本新款冈本物理延时安全套极厚0.12MM纯黑色超加厚防早泄避孕套,75.0,广东,66
杰士邦避孕套黄金持久装防早超薄男用延时安全套正品旗舰店安全泄,59.0,江苏,90
日本进口相模002超薄避孕套0.02L中号大号极薄非乳胶聚氨酯安全套,75.0,广东,47
玻尿酸避孕套100只装诗诺安全套套子免洗超薄003光面无味128好洗,60.0,浙江,98
正品烟花三月玻尿酸安全套108只果冻装避孕套润滑超薄多油量免洗,260.0,浙江,10
名流避孕套超薄0.01螺纹大颗粒100只装情趣带刺狼牙安全套震动男,30.9,山西,100
避孕套男加粗加长狼牙套女士送丝袜女性专用调情趣异形安全套口娇,30.9,江苏,100
名流之夜100只装超薄0.01避孕套男油量大安全套子玻尿酸正品批发,19.9,江苏,200
倍力乐震动组合避孕套振动棒震动环情趣安全套男用持久狼牙套带刺,34.9,广东,200
中国双一润系列避孕套001超薄安全套零感润滑持久套套裸入聚氨酯t,59.0,广东,100
震动避孕套男用螺纹大颗粒女性高潮专用情趣异形带刺狼牙套安全套,19.0,江苏,300
诺丝延时避孕套超霸持久装防早泄男用先生官方旗舰店正品用安全套,49.8,上海,66
爱丽丝避孕套400只装批发安全套光面型成人用品超薄大油量套子,135.0,浙江,41
名流避孕套超薄玻尿酸油量大润滑100只原装正品男女用安全套子001,50.0,江西,64
名流之夜玻尿酸避孕套男超薄0.01水溶性免洗安全套子正品100只装,50.0,福建,53
杜蕾斯避孕套超薄0.01男用持久成人用品带刺情趣狼牙套正品安全套,30.9,浙江,100
毓婷避孕套超薄 情趣型 男用byt避育套安全套带润滑g点套颗粒套餐,9.9,北京,300
尚牌水公主玻尿酸避孕套超薄0.01水溶性免洗100只装大盒安全套子,50.0,福建,83
名流玻尿酸避孕套超薄001原装正品100只无油避y套男大盒批发套套,235.0,安徽,12
【持久颗粒】杰士邦安全避孕套持久装防早泄延时男用狼牙旗舰店RV,29.0,广东,100
尚牌玻尿酸女王归来避孕套超薄0.01正品避y套水溶性免洗安全套子,200.0,安徽,26
SIKI私激大满贯水薄系列玻尿酸避孕套超薄003男用tt无硅油组合装,66.0,浙江,100
名流避孕套螺纹by男用安全套持久装超薄防早泄锁精女士专用调情趣,9.9,上海,700
okamoto冈本001避孕套超薄0.01安全套3只装*3盒男用成人情趣用品,142.0,浙江,100
sagami相模0.02避孕套002安全套润滑超薄10只装成人用品日本套套,89.0,浙江,100
【阿里健康自营】SKYN极肤肤感薄异戊二烯合成避孕套6只装,99.9,浙江,2
冈本003持久避孕安全套001超薄裸入隐形男女士专用官方正品旗舰店,79.9,浙江,13
第六感超薄裸入正品避孕套套男用情趣避润育安全套神器中号60只装,39.9,山西,6
杜蕾斯男用安全避孕套激爽超薄润滑001情趣tt螺纹成人用品安全套,58.9,山西,2
避孕套超薄15只001体温非乳胶安全套情趣男用不过敏15只裸入热感,219.0,上海,4
清仓冈本003超润滑超薄避孕套正品旗舰店安全套套日本进口0.03女,69.0,上海,5
杜蕾斯避孕套 AiR隐薄空气套6只 超薄新体验成人用品性用品安全套,79.0,上海,16
进口诺丝避孕套12只 颗粒套套成人情趣性用品带刺阴蒂刺激安全套,49.9,上海,27
情趣避孕套超薄男用安全套带刺高潮g点大颗粒狼牙棒计生用品18只,29.9,上海,100
冈本旗舰店SKIN至尊避孕套超薄10片装男用持久润滑情趣性用品byt,44.8,安徽,6
冈本旗舰店 SKIN至尊激薄8片装超薄紧型避孕套男用成人情趣性用品,39.0,安徽,8
避孕套杜蕾斯0001男用旗舰店官方正品女士专用调情安全套超薄裸入,55.9,广东,100
避孕套男用超薄0.01调情趣女性专用口娇避阴安全套帽带震动环神器,49.9,江苏,100
【屈臣氏】杜蕾斯超薄AiR隐薄空气16只避孕套男用女情趣安全套tt,230.9,江苏,8
尚牌避孕套魅惑女王128只装男用100只超薄正品原装进口安全套ck,130.0,江苏,27
尚牌好运连连玻尿酸避孕套超薄透明质酸100只装水溶性免洗套套子,138.0,江苏,24
名流延时男用品持久装防早泄延迟不射脱敏训练性情趣防早射避孕套,68.0,山东,91
杰士邦正品安全避孕套超薄零感001持久装防早泄男用旗舰店裸入女,49.9,广东,1000
杰士邦避孕套持久装防早泄男用大颗粒狼牙棒安全套正品旗舰店神器,30.9,上海,100
日本新款冈本物理延时安全套极厚0.12MM纯黑色超加厚防早泄避孕套,75.0,广东,66
杰士邦避孕套黄金持久装防早超薄男用延时安全套正品旗舰店安全泄,59.0,江苏,90
日本进口相模002超薄避孕套0.02L中号大号极薄非乳胶聚氨酯安全套,75.0,广东,47
玻尿酸避孕套100只装诗诺安全套套子免洗超薄003光面无味128好洗,60.0,浙江,98
正品烟花三月玻尿酸安全套108只果冻装避孕套润滑超薄多油量免洗,260.0,浙江,10
名流避孕套超薄0.01螺纹大颗粒100只装情趣带刺狼牙安全套震动男,30.9,山西,100
避孕套男加粗加长狼牙套女士送丝袜女性专用调情趣异形安全套口娇,30.9,江苏,100
名流之夜100只装超薄0.01避孕套男油量大安全套子玻尿酸正品批发,19.9,江苏,200
倍力乐震动组合避孕套振动棒震动环情趣安全套男用持久狼牙套带刺,34.9,广东,200
